source bytecode,source opcode,source instruction count,stack depth,uninterpreted count,storage access count
82600160003373ffffffffffffffffffffffffffffffffffffffff,DUP3 PUSH 0x01 PUSH 0x00 CALLER PUSH 0xffffffffffffffffffffffffffffffffffffffff,5,3,1,0
6123aa826001600033,PUSH 0x23aa DUP3 PUSH 0x01 PUSH 0x00 CALLER,5,2,1,0
8473ffffffffffffffffffffffffffffffffffffffff167fddf252ad1be2c89b69c2b068fc378daa952ba7f163c4a11628f55a4df523b3ef84,DUP5 PUSH 0xffffffffffffffffffffffffffffffffffffffff AND PUSH 0xddf252ad1be2c89b69c2b068fc378daa952ba7f163c4a11628f55a4df523b3ef DUP5,5,5,0,0
168473ffffffffffffffffffffffffffffffffffffffff167fddf252ad1be2c89b69c2b068fc378daa952ba7f163c4a11628f55a4df523b3ef,AND DUP5 PUSH 0xffffffffffffffffffffffffffffffffffffffff AND PUSH 0xddf252ad1be2c89b69c2b068fc378daa952ba7f163c4a11628f55a4df523b3ef,5,6,0,0
8273ffffffffffffffffffffffffffffffffffffffff168473ffffffffffffffffffffffffffffffffffffffff,DUP3 PUSH 0xffffffffffffffffffffffffffffffffffffffff AND DUP5 PUSH 0xffffffffffffffffffffffffffffffffffffffff,5,4,0,0
508273ffffffffffffffffffffffffffffffffffffffff1684,POP DUP3 PUSH 0xffffffffffffffffffffffffffffffffffffffff AND DUP5,5,5,0,0
600360008673ffffffffffffffffffffffffffffffffffffffff16,PUSH 0x03 PUSH 0x00 DUP7 PUSH 0xffffffffffffffffffffffffffffffffffffffff AND,5,5,0,0
600360008773ffffffffffffffffffffffffffffffffffffffff16,PUSH 0x03 PUSH 0x00 DUP8 PUSH 0xffffffffffffffffffffffffffffffffffffffff AND,5,6,0,0
82600360008773ffffffffffffffffffffffffffffffffffffffff,DUP3 PUSH 0x03 PUSH 0x00 DUP8 PUSH 0xffffffffffffffffffffffffffffffffffffffff,5,5,0,0
6121dd826003600087,PUSH 0x21dd DUP3 PUSH 0x03 PUSH 0x00 DUP8,5,4,0,0
506121dd8260036000,POP PUSH 0x21dd DUP3 PUSH 0x03 PUSH 0x00,5,3,0,0
55506121dd826003,SSTORE POP PUSH 0x21dd DUP3 PUSH 0x03,5,5,0,1
82600160008673ffffffffffffffffffffffffffffffffffffffff,DUP3 PUSH 0x01 PUSH 0x00 DUP7 PUSH 0xffffffffffffffffffffffffffffffffffffffff,5,4,0,0
61210b826001600086,PUSH 0x210b DUP3 PUSH 0x01 PUSH 0x00 DUP7,5,3,0,0
5061210b8260016000,POP PUSH 0x210b DUP3 PUSH 0x01 PUSH 0x00,5,3,0,0
555061210b826001,SSTORE POP PUSH 0x210b DUP3 PUSH 0x01,5,5,0,1
90555061210b82,SWAP1 SSTORE POP PUSH 0x210b DUP3,5,5,0,1
82600160008773ffffffffffffffffffffffffffffffffffffffff,DUP3 PUSH 0x01 PUSH 0x00 DUP8 PUSH 0xffffffffffffffffffffffffffffffffffffffff,5,5,0,0
612076826001600087,PUSH 0x2076 DUP3 PUSH 0x01 PUSH 0x00 DUP8,5,4,0,0
2060003373ffffffffffffffffffffffffffffffffffffffff16,SHA3 PUSH 0x00 CALLER PUSH 0xffffffffffffffffffffffffffffffffffffffff AND,5,2,2,0
60002060003373ffffffffffffffffffffffffffffffffffffffff,PUSH 0x00 SHA3 PUSH 0x00 CALLER PUSH 0xffffffffffffffffffffffffffffffffffffffff,5,1,2,0
01600020600033,ADD PUSH 0x00 SHA3 PUSH 0x00 CALLER,5,2,2,0
600360008573ffffffffffffffffffffffffffffffffffffffff16,PUSH 0x03 PUSH 0x00 DUP6 PUSH 0xffffffffffffffffffffffffffffffffffffffff AND,5,4,0,0
600020548211,PUSH 0x00 SHA3 SLOAD DUP3 GT,5,3,1,1
600160008573ffffffffffffffffffffffffffffffffffffffff16,PUSH 0x01 PUSH 0x00 DUP6 PUSH 0xffffffffffffffffffffffffffffffffffffffff AND,5,4,0,0
8373ffffffffffffffffffffffffffffffffffffffff161415,DUP4 PUSH 0xffffffffffffffffffffffffffffffffffffffff AND EQ ISZERO,5,4,0,0
168373ffffffffffffffffffffffffffffffffffffffff1614,AND DUP4 PUSH 0xffffffffffffffffffffffffffffffffffffffff AND EQ,5,5,0,0
73ffffffffffffffffffffffffffffffffffffffff168373ffffffffffffffffffffffffffffffffffffffff16,PUSH 0xffffffffffffffffffffffffffffffffffffffff AND DUP4 PUSH 0xffffffffffffffffffffffffffffffffffffffff AND,5,4,0,0
8073ffffffffffffffffffffffffffffffffffffffff168373ffffffffffffffffffffffffffffffffffffffff,DUP1 PUSH 0xffffffffffffffffffffffffffffffffffffffff AND DUP4 PUSH 0xffffffffffffffffffffffffffffffffffffffff,5,3,0,0
60008073ffffffffffffffffffffffffffffffffffffffff1683,PUSH 0x00 DUP1 PUSH 0xffffffffffffffffffffffffffffffffffffffff AND DUP4,5,2,0,0
8091505092,DUP1 SWAP2 POP POP SWAP3,5,5,0,0
8110151515,DUP2 LT ISZERO ISZERO ISZERO,5,2,0,0
8381101515,DUP4 DUP2 LT ISZERO ISZERO,5,4,0,0
5083811015,POP DUP4 DUP2 LT ISZERO,5,5,0,0
9050838110,SWAP1 POP DUP4 DUP2 LT,5,5,0,0
0190508381,ADD SWAP1 POP DUP4 DUP2,5,6,0,0
8401905083,DUP5 ADD SWAP1 POP DUP4,5,5,0,0
8284019050,DUP3 DUP5 ADD SWAP1 POP,5,4,0,0
8082840190,DUP1 DUP3 DUP5 ADD SWAP1,5,3,0,0
600080828401,PUSH 0x00 DUP1 DUP3 DUP5 ADD,5,2,0,0
0390509291,SUB SWAP1 POP SWAP3 SWAP2,5,6,0,0
8303905092,DUP4 SUB SWAP1 POP SWAP3,5,5,0,0
8183039050,DUP2 DUP4 SUB SWAP1 POP,5,3,0,0
8282111515,DUP3 DUP3 GT ISZERO ISZERO,5,3,0,0
600082821115,PUSH 0x00 DUP3 DUP3 GT ISZERO,5,2,0,0
6000600660016101000a,PUSH 0x00 PUSH 0x06 PUSH 0x01 PUSH 0x0100 EXP,5,0,1,0
1790555050,OR SWAP1 SSTORE POP POP,5,5,0,1
1602179055,AND MUL OR SWAP1 SSTORE,5,5,0,1
73ffffffffffffffffffffffffffffffffffffffff16021790,PUSH 0xffffffffffffffffffffffffffffffffffffffff AND MUL OR SWAP1,5,4,0,0
8373ffffffffffffffffffffffffffffffffffffffff160217,DUP4 PUSH 0xffffffffffffffffffffffffffffffffffffffff AND MUL OR,5,4,0,0
908373ffffffffffffffffffffffffffffffffffffffff1602,SWAP1 DUP4 PUSH 0xffffffffffffffffffffffffffffffffffffffff AND MUL,5,4,0,0
16908373ffffffffffffffffffffffffffffffffffffffff16,AND SWAP1 DUP4 PUSH 0xffffffffffffffffffffffffffffffffffffffff AND,5,5,0,0
1916908373ffffffffffffffffffffffffffffffffffffffff,NOT AND SWAP1 DUP4 PUSH 0xffffffffffffffffffffffffffffffffffffffff,5,5,0,0
806101000a8154,DUP1 PUSH 0x0100 EXP DUP2 SLOAD,5,1,1,1
6000806101000a81,PUSH 0x00 DUP1 PUSH 0x0100 EXP DUP2,5,0,1,0
806000806101000a,DUP1 PUSH 0x00 DUP1 PUSH 0x0100 EXP,5,1,1,0
516040518091,MLOAD PUSH 0x40 MLOAD DUP1 SWAP2,5,1,2,0
60405160405180,PUSH 0x40 MLOAD PUSH 0x40 MLOAD DUP1,5,0,2,0
7f8be0079c531659141344cd1fd0a4f28419497f9722a3daafe3b4186f6b6457e0604051604051,PUSH 0x8be0079c531659141344cd1fd0a4f28419497f9722a3daafe3b4186f6b6457e0 PUSH 0x40 MLOAD PUSH 0x40 MLOAD,5,0,2,0
167f8be0079c531659141344cd1fd0a4f28419497f9722a3daafe3b4186f6b6457e06040516040,AND PUSH 0x8be0079c531659141344cd1fd0a4f28419497f9722a3daafe3b4186f6b6457e0 PUSH 0x40 MLOAD PUSH 0x40,5,2,1,0
73ffffffffffffffffffffffffffffffffffffffff167f8be0079c531659141344cd1fd0a4f28419497f9722a3daafe3b4186f6b6457e0604051,PUSH 0xffffffffffffffffffffffffffffffffffffffff AND PUSH 0x8be0079c531659141344cd1fd0a4f28419497f9722a3daafe3b4186f6b6457e0 PUSH 0x40 MLOAD,5,1,1,0
1673ffffffffffffffffffffffffffffffffffffffff167f8be0079c531659141344cd1fd0a4f28419497f9722a3daafe3b4186f6b6457e06040,AND PUSH 0xffffffffffffffffffffffffffffffffffffffff AND PUSH 0x8be0079c531659141344cd1fd0a4f28419497f9722a3daafe3b4186f6b6457e0 PUSH 0x40,5,2,0,0
73ffffffffffffffffffffffffffffffffffffffff1673ffffffffffffffffffffffffffffffffffffffff167f8be0079c531659141344cd1fd0a4f28419497f9722a3daafe3b4186f6b6457e0,PUSH 0xffffffffffffffffffffffffffffffffffffffff AND PUSH 0xffffffffffffffffffffffffffffffffffffffff AND PUSH 0x8be0079c531659141344cd1fd0a4f28419497f9722a3daafe3b4186f6b6457e0,5,1,0,0
166000809054,AND PUSH 0x00 DUP1 SWAP1 SLOAD,5,2,0,1
73ffffffffffffffffffffffffffffffffffffffff1660008090,PUSH 0xffffffffffffffffffffffffffffffffffffffff AND PUSH 0x00 DUP1 SWAP1,5,1,0,0
8073ffffffffffffffffffffffffffffffffffffffff16600080,DUP1 PUSH 0xffffffffffffffffffffffffffffffffffffffff AND PUSH 0x00 DUP1,5,1,0,0
8173ffffffffffffffffffffffffffffffffffffffff161415,DUP2 PUSH 0xffffffffffffffffffffffffffffffffffffffff AND EQ ISZERO,5,2,0,0
168173ffffffffffffffffffffffffffffffffffffffff1614,AND DUP2 PUSH 0xffffffffffffffffffffffffffffffffffffffff AND EQ,5,3,0,0
73ffffffffffffffffffffffffffffffffffffffff168173ffffffffffffffffffffffffffffffffffffffff16,PUSH 0xffffffffffffffffffffffffffffffffffffffff AND DUP2 PUSH 0xffffffffffffffffffffffffffffffffffffffff AND,5,2,0,0
600073ffffffffffffffffffffffffffffffffffffffff168173ffffffffffffffffffffffffffffffffffffffff,PUSH 0x00 PUSH 0xffffffffffffffffffffffffffffffffffffffff AND DUP2 PUSH 0xffffffffffffffffffffffffffffffffffffffff,5,1,0,0
600190509392,PUSH 0x01 SWAP1 POP SWAP4 SWAP3,5,5,0,0
506001905093,POP PUSH 0x01 SWAP1 POP SWAP4,5,6,0,0
555060019050,SSTORE POP PUSH 0x01 SWAP1 POP,5,4,0,1
905550600190,SWAP1 SSTORE POP PUSH 0x01 SWAP1,5,4,0,1
819055506001,DUP2 SWAP1 SSTORE POP PUSH 0x01,5,2,0,1
5490509291,SLOAD SWAP1 POP SWAP3 SWAP2,5,5,0,1
2054905092,SHA3 SLOAD SWAP1 POP SWAP3,5,6,1,1
2060008373ffffffffffffffffffffffffffffffffffffffff16,SHA3 PUSH 0x00 DUP4 PUSH 0xffffffffffffffffffffffffffffffffffffffff AND,5,4,1,0
60002060008373ffffffffffffffffffffffffffffffffffffffff,PUSH 0x00 SHA3 PUSH 0x00 DUP4 PUSH 0xffffffffffffffffffffffffffffffffffffffff,5,3,1,0
01600020600083,ADD PUSH 0x00 SHA3 PUSH 0x00 DUP4,5,4,1,0
8473ffffffffffffffffffffffffffffffffffffffff1673ffffffffffffffffffffffffffffffffffffffff16,DUP5 PUSH 0xffffffffffffffffffffffffffffffffffffffff AND PUSH 0xffffffffffffffffffffffffffffffffffffffff AND,5,5,0,0
60008473ffffffffffffffffffffffffffffffffffffffff1673ffffffffffffffffffffffffffffffffffffffff,PUSH 0x00 DUP5 PUSH 0xffffffffffffffffffffffffffffffffffffffff AND PUSH 0xffffffffffffffffffffffffffffffffffffffff,5,4,0,0
600360008473ffffffffffffffffffffffffffffffffffffffff16,PUSH 0x03 PUSH 0x00 DUP5 PUSH 0xffffffffffffffffffffffffffffffffffffffff AND,5,3,0,0
6000600360008473ffffffffffffffffffffffffffffffffffffffff,PUSH 0x00 PUSH 0x03 PUSH 0x00 DUP5 PUSH 0xffffffffffffffffffffffffffffffffffffffff,5,2,0,0
2060008773ffffffffffffffffffffffffffffffffffffffff16,SHA3 PUSH 0x00 DUP8 PUSH 0xffffffffffffffffffffffffffffffffffffffff AND,5,8,1,0
60002060008773ffffffffffffffffffffffffffffffffffffffff,PUSH 0x00 SHA3 PUSH 0x00 DUP8 PUSH 0xffffffffffffffffffffffffffffffffffffffff,5,7,1,0
01600020600087,ADD PUSH 0x00 SHA3 PUSH 0x00 DUP8,5,8,1,0
82600360003373ffffffffffffffffffffffffffffffffffffffff,DUP3 PUSH 0x03 PUSH 0x00 CALLER PUSH 0xffffffffffffffffffffffffffffffffffffffff,5,3,1,0
61194a826003600033,PUSH 0x194a DUP3 PUSH 0x03 PUSH 0x00 CALLER,5,2,1,0
600061194a8260036000,PUSH 0x00 PUSH 0x194a DUP3 PUSH 0x03 PUSH 0x00,5,1,0,0
5550929150,SSTORE POP SWAP3 SWAP2 POP,5,7,0,1
9055509291,SWAP1 SSTORE POP SWAP3 SWAP2,5,7,0,1
8190555092,DUP2 SWAP1 SSTORE POP SWAP3,5,6,0,1
81600860003373ffffffffffffffffffffffffffffffffffffffff,DUP2 PUSH 0x08 PUSH 0x00 CALLER PUSH 0xffffffffffffffffffffffffffffffffffffffff,5,2,1,0
50816008600033,POP DUP2 PUSH 0x08 PUSH 0x00 CALLER,5,3,1,0
82600760003373ffffffffffffffffffffffffffffffffffffffff,DUP3 PUSH 0x07 PUSH 0x00 CALLER PUSH 0xffffffffffffffffffffffffffffffffffffffff,5,3,1,0
8310151515,DUP4 LT ISZERO ISZERO ISZERO,5,4,0,0
5483101515,SLOAD DUP4 LT ISZERO ISZERO,5,4,0,1
2054831015,SHA3 SLOAD DUP4 LT ISZERO,5,5,1,1
600020548310,PUSH 0x00 SHA3 SLOAD DUP4 LT,5,4,1,1
101515156117dd,LT ISZERO ISZERO ISZERO PUSH 0x17dd,5,2,0,0
8210151515,DUP3 LT ISZERO ISZERO ISZERO,5,3,0,0
5482101515,SLOAD DUP3 LT ISZERO ISZERO,5,3,0,1
2054821015,SHA3 SLOAD DUP3 LT ISZERO,5,4,1,1
600020548210,PUSH 0x00 SHA3 SLOAD DUP3 LT,5,3,1,1
016000205482,ADD PUSH 0x00 SHA3 SLOAD DUP3,5,4,1,1
8211151515,DUP3 GT ISZERO ISZERO ISZERO,5,3,0,0
5482111515,SLOAD DUP3 GT ISZERO ISZERO,5,3,0,1
600954821115,PUSH 0x09 SLOAD DUP3 GT ISZERO,5,2,0,1
6000600160003373ffffffffffffffffffffffffffffffffffffffff,PUSH 0x00 PUSH 0x01 PUSH 0x00 CALLER PUSH 0xffffffffffffffffffffffffffffffffffffffff,5,0,1,0
61172683836122cd,PUSH 0x1726 DUP4 DUP4 PUSH 0x22cd,4,3,0,0
83600160003373ffffffffffffffffffffffffffffffffffffffff,DUP4 PUSH 0x01 PUSH 0x00 CALLER PUSH 0xffffffffffffffffffffffffffffffffffffffff,5,4,1,0
611710836001600033,PUSH 0x1710 DUP4 PUSH 0x01 PUSH 0x00 CALLER,5,3,1,0
54600160003373ffffffffffffffffffffffffffffffffffffffff,SLOAD PUSH 0x01 PUSH 0x00 CALLER PUSH 0xffffffffffffffffffffffffffffffffffffffff,5,1,1,1
20546001600033,SHA3 SLOAD PUSH 0x01 PUSH 0x00 CALLER,5,2,2,1
600160003373ffffffffffffffffffffffffffffffffffffffff16,PUSH 0x01 PUSH 0x00 CALLER PUSH 0xffffffffffffffffffffffffffffffffffffffff AND,5,0,1,0
81600160003373ffffffffffffffffffffffffffffffffffffffff,DUP2 PUSH 0x01 PUSH 0x00 CALLER PUSH 0xffffffffffffffffffffffffffffffffffffffff,5,2,1,0
600860003373ffffffffffffffffffffffffffffffffffffffff16,PUSH 0x08 PUSH 0x00 CALLER PUSH 0xffffffffffffffffffffffffffffffffffffffff AND,5,0,1,0
50600860003373ffffffffffffffffffffffffffffffffffffffff,POP PUSH 0x08 PUSH 0x00 CALLER PUSH 0xffffffffffffffffffffffffffffffffffffffff,5,1,1,0
600760003373ffffffffffffffffffffffffffffffffffffffff16,PUSH 0x07 PUSH 0x00 CALLER PUSH 0xffffffffffffffffffffffffffffffffffffffff AND,5,0,1,0
6000600760003373ffffffffffffffffffffffffffffffffffffffff,PUSH 0x00 PUSH 0x07 PUSH 0x00 CALLER PUSH 0xffffffffffffffffffffffffffffffffffffffff,5,0,1,0
60086020,PUSH 0x08 PUSH 0x20,2,0,0,0
5090505481,POP SWAP1 POP SLOAD DUP2,5,4,0,1
9150905054,SWAP2 POP SWAP1 POP SLOAD,5,3,0,1
600091509050,PUSH 0x00 SWAP2 POP SWAP1 POP,5,2,0,0
206000915090,SHA3 PUSH 0x00 SWAP2 POP SWAP1,5,3,1,0
60002060009150,PUSH 0x00 SHA3 PUSH 0x00 SWAP2 POP,5,2,1,0
6040600020600091,PUSH 0x40 PUSH 0x00 SHA3 PUSH 0x00 SWAP2,5,1,1,0
806000,DUP1 PUSH 0x00,2,1,0,0
60076020,PUSH 0x07 PUSH 0x20,2,0,0,0
60058054600181,PUSH 0x05 DUP1 SLOAD PUSH 0x01 DUP2,5,0,0,1
0217905550,MUL OR SWAP1 SSTORE POP,5,5,0,1
1502179055,ISZERO MUL OR SWAP1 SSTORE,5,4,0,1
1515021790,ISZERO ISZERO MUL OR SWAP1,5,4,0,0
8315150217,DUP4 ISZERO ISZERO MUL OR,5,4,0,0
9083151502,SWAP1 DUP4 ISZERO ISZERO MUL,5,4,0,0
1690831515,AND SWAP1 DUP4 ISZERO ISZERO,5,5,0,0
1916908315,NOT AND SWAP1 DUP4 ISZERO,5,5,0,0
0219169083,MUL NOT AND SWAP1 DUP4,5,6,0,0
60ff02191690,PUSH 0xff MUL NOT AND SWAP1,5,3,0,0
8160ff021916,DUP2 PUSH 0xff MUL NOT AND,5,2,0,0
548160ff0219,SLOAD DUP2 PUSH 0xff MUL NOT,5,2,0,1
81548160ff02,DUP2 SLOAD DUP2 PUSH 0xff MUL,5,2,0,1
0a81548160ff,EXP DUP2 SLOAD DUP2 PUSH 0xff,5,3,1,1
6101000a815481,PUSH 0x0100 EXP DUP2 SLOAD DUP2,5,2,1,1
60016101000a8154,PUSH 0x01 PUSH 0x0100 EXP DUP2 SLOAD,5,1,1,1
600660016101000a81,PUSH 0x06 PUSH 0x01 PUSH 0x0100 EXP DUP2,5,0,1,0
6001600660016101000a,PUSH 0x01 PUSH 0x06 PUSH 0x01 PUSH 0x0100 EXP,5,0,1,0
80905490610100,DUP1 SWAP1 SLOAD SWAP1 PUSH 0x0100,5,1,0,1
600080905490,PUSH 0x00 DUP1 SWAP1 SLOAD SWAP1,5,0,0,1
9050919050,SWAP1 POP SWAP2 SWAP1 POP,5,4,0,0
5490509190,SLOAD SWAP1 POP SWAP2 SWAP1,5,4,0,1
2054905091,SHA3 SLOAD SWAP1 POP SWAP2,5,5,1,1
8373ffffffffffffffffffffffffffffffffffffffff1673ffffffffffffffffffffffffffffffffffffffff16,DUP4 PUSH 0xffffffffffffffffffffffffffffffffffffffff AND PUSH 0xffffffffffffffffffffffffffffffffffffffff AND,5,4,0,0
60008373ffffffffffffffffffffffffffffffffffffffff1673ffffffffffffffffffffffffffffffffffffffff,PUSH 0x00 DUP4 PUSH 0xffffffffffffffffffffffffffffffffffffffff AND PUSH 0xffffffffffffffffffffffffffffffffffffffff,5,3,0,0
600160008373ffffffffffffffffffffffffffffffffffffffff16,PUSH 0x01 PUSH 0x00 DUP4 PUSH 0xffffffffffffffffffffffffffffffffffffffff AND,5,2,0,0
6000600160008373ffffffffffffffffffffffffffffffffffffffff,PUSH 0x00 PUSH 0x01 PUSH 0x00 DUP4 PUSH 0xffffffffffffffffffffffffffffffffffffffff,5,1,0,0
5050929150,POP POP SWAP3 SWAP2 POP,5,6,0,0
9150509291,SWAP2 POP POP SWAP3 SWAP2,5,6,0,0
600191505092,PUSH 0x01 SWAP2 POP POP SWAP3,5,5,0,0
546040518082,SLOAD PUSH 0x40 MLOAD DUP1 DUP3,5,1,1,1
205460405180,SHA3 SLOAD PUSH 0x40 MLOAD DUP1,5,2,2,1
60002054604051,PUSH 0x00 SHA3 SLOAD PUSH 0x40 MLOAD,5,1,2,1
2060008873ffffffffffffffffffffffffffffffffffffffff16,SHA3 PUSH 0x00 DUP9 PUSH 0xffffffffffffffffffffffffffffffffffffffff AND,5,9,1,0
60002060008873ffffffffffffffffffffffffffffffffffffffff,PUSH 0x00 SHA3 PUSH 0x00 DUP9 PUSH 0xffffffffffffffffffffffffffffffffffffffff,5,8,1,0
01600020600088,ADD PUSH 0x00 SHA3 PUSH 0x00 DUP9,5,9,1,0
7f8c5be1e5ebec7d5bd14f71427d1e84f3dd0314c0f7b2291e5b200ac8c7c3b925600360003373ffffffffffffffffffffffffffffffffffffffff,PUSH 0x8c5be1e5ebec7d5bd14f71427d1e84f3dd0314c0f7b2291e5b200ac8c7c3b925 PUSH 0x03 PUSH 0x00 CALLER PUSH 0xffffffffffffffffffffffffffffffffffffffff,5,0,1,0
167f8c5be1e5ebec7d5bd14f71427d1e84f3dd0314c0f7b2291e5b200ac8c7c3b9256003600033,AND PUSH 0x8c5be1e5ebec7d5bd14f71427d1e84f3dd0314c0f7b2291e5b200ac8c7c3b925 PUSH 0x03 PUSH 0x00 CALLER,5,2,1,0
73ffffffffffffffffffffffffffffffffffffffff167f8c5be1e5ebec7d5bd14f71427d1e84f3dd0314c0f7b2291e5b200ac8c7c3b92560036000,PUSH 0xffffffffffffffffffffffffffffffffffffffff AND PUSH 0x8c5be1e5ebec7d5bd14f71427d1e84f3dd0314c0f7b2291e5b200ac8c7c3b925 PUSH 0x03 PUSH 0x00,5,1,0,0
3373ffffffffffffffffffffffffffffffffffffffff167f8c5be1e5ebec7d5bd14f71427d1e84f3dd0314c0f7b2291e5b200ac8c7c3b9256003,CALLER PUSH 0xffffffffffffffffffffffffffffffffffffffff AND PUSH 0x8c5be1e5ebec7d5bd14f71427d1e84f3dd0314c0f7b2291e5b200ac8c7c3b925 PUSH 0x03,5,0,1,0
8373ffffffffffffffffffffffffffffffffffffffff163373ffffffffffffffffffffffffffffffffffffffff,DUP4 PUSH 0xffffffffffffffffffffffffffffffffffffffff AND CALLER PUSH 0xffffffffffffffffffffffffffffffffffffffff,5,4,1,0
82611ed7909190,DUP3 PUSH 0x1ed7 SWAP1 SWAP2 SWAP1,5,3,0,0
8382611ed79091,DUP4 DUP3 PUSH 0x1ed7 SWAP1 SWAP2,5,4,0,0
6111798382611ed790,PUSH 0x1179 DUP4 DUP3 PUSH 0x1ed7 SWAP1,5,3,0,0
2060008673ffffffffffffffffffffffffffffffffffffffff16,SHA3 PUSH 0x00 DUP7 PUSH 0xffffffffffffffffffffffffffffffffffffffff AND,5,7,1,0
60002060008673ffffffffffffffffffffffffffffffffffffffff,PUSH 0x00 SHA3 PUSH 0x00 DUP7 PUSH 0xffffffffffffffffffffffffffffffffffffffff,5,6,1,0
01600020600086,ADD PUSH 0x00 SHA3 PUSH 0x00 DUP7,5,7,1,0
6000600360003373ffffffffffffffffffffffffffffffffffffffff,PUSH 0x00 PUSH 0x03 PUSH 0x00 CALLER PUSH 0xffffffffffffffffffffffffffffffffffffffff,5,0,1,0
80831115611166,DUP1 DUP4 GT ISZERO PUSH 0x1166,5,3,0,0
5080831115,POP DUP1 DUP4 GT ISZERO,5,4,0,0
9050808311,SWAP1 POP DUP1 DUP4 GT,5,4,0,0
5490508083,SLOAD SWAP1 POP DUP1 DUP4,5,4,0,1
2054905080,SHA3 SLOAD SWAP1 POP DUP1,5,3,1,1
600020549050,PUSH 0x00 SHA3 SLOAD SWAP1 POP,5,2,1,1
016000205490,ADD PUSH 0x00 SHA3 SLOAD SWAP1,5,3,1,1
80600360003373ffffffffffffffffffffffffffffffffffffffff,DUP1 PUSH 0x03 PUSH 0x00 CALLER PUSH 0xffffffffffffffffffffffffffffffffffffffff,5,1,1,0
6000806003600033,PUSH 0x00 DUP1 PUSH 0x03 PUSH 0x00 CALLER,5,0,1,0
5550919050,SSTORE POP SWAP2 SWAP1 POP,5,6,0,1
9055509190,SWAP1 SSTORE POP SWAP2 SWAP1,5,6,0,1
8190555091,DUP2 SWAP1 SSTORE POP SWAP2,5,5,0,1
600981905550,PUSH 0x09 DUP2 SWAP1 SSTORE POP,5,1,0,1
816009819055,DUP2 PUSH 0x09 DUP2 SWAP1 SSTORE,5,2,0,1
60008160098190,PUSH 0x00 DUP2 PUSH 0x09 DUP2 SWAP1,5,1,0,0
60095481,PUSH 0x09 SLOAD DUP2,3,1,0,1
900460ff1681,SWAP1 DIV PUSH 0xff AND DUP2,5,3,0,0
60066000905490,PUSH 0x06 PUSH 0x00 SWAP1 SLOAD SWAP1,5,0,0,1
9392505050,SWAP4 SWAP3 POP POP POP,5,5,0,0
5093925050,POP SWAP4 SWAP3 POP POP,5,6,0,0
9050939250,SWAP1 POP SWAP4 SWAP3 POP,5,6,0,0
611025848484611f0e,PUSH 0x1025 DUP5 DUP5 DUP5 PUSH 0x1f0e,5,4,0,0
1015611019,LT ISZERO PUSH 0x1019,3,2,0,0
5461100e8360016000,SLOAD PUSH 0x100e DUP4 PUSH 0x01 PUSH 0x00,5,3,0,1
205461100e836001,SHA3 SLOAD PUSH 0x100e DUP4 PUSH 0x01,5,4,1,1
6000205461100e83,PUSH 0x00 SHA3 SLOAD PUSH 0x100e DUP4,5,3,1,1
54111515610f7c,SLOAD GT ISZERO ISZERO PUSH 0x0f7c,5,2,0,1
2054111515,SHA3 SLOAD GT ISZERO ISZERO,5,3,1,1
600020541115,PUSH 0x00 SHA3 SLOAD GT ISZERO,5,2,1,1
54600160008673ffffffffffffffffffffffffffffffffffffffff,SLOAD PUSH 0x01 PUSH 0x00 DUP7 PUSH 0xffffffffffffffffffffffffffffffffffffffff,5,5,0,1
20546001600086,SHA3 SLOAD PUSH 0x01 PUSH 0x00 DUP7,5,6,1,1
6000205460016000,PUSH 0x00 SHA3 SLOAD PUSH 0x01 PUSH 0x00,5,1,1,1
01600020546001,ADD PUSH 0x00 SHA3 SLOAD PUSH 0x01,5,2,1,1
600760008573ffffffffffffffffffffffffffffffffffffffff16,PUSH 0x07 PUSH 0x00 DUP6 PUSH 0xffffffffffffffffffffffffffffffffffffffff AND,5,4,0,0
20541015610ef0,SHA3 SLOAD LT ISZERO PUSH 0x0ef0,5,3,1,1
600020541015,PUSH 0x00 SHA3 SLOAD LT ISZERO,5,2,1,1
016000205410,ADD PUSH 0x00 SHA3 SLOAD LT,5,3,1,1
81600160008673ffffffffffffffffffffffffffffffffffffffff,DUP2 PUSH 0x01 PUSH 0x00 DUP7 PUSH 0xffffffffffffffffffffffffffffffffffffffff,5,4,0,0
1561101a,ISZERO PUSH 0x101a,2,1,0,0
600020544310,PUSH 0x00 SHA3 SLOAD NUMBER LT,5,1,2,1
016000205443,ADD PUSH 0x00 SHA3 SLOAD NUMBER,5,2,2,1
600860008573ffffffffffffffffffffffffffffffffffffffff16,PUSH 0x08 PUSH 0x00 DUP6 PUSH 0xffffffffffffffffffffffffffffffffffffffff AND,5,4,0,0
50600860008573ffffffffffffffffffffffffffffffffffffffff,POP PUSH 0x08 PUSH 0x00 DUP6 PUSH 0xffffffffffffffffffffffffffffffffffffffff,5,5,0,0
54118015610e9f,SLOAD GT DUP1 ISZERO PUSH 0x0e9f,5,2,0,1
2054118015,SHA3 SLOAD GT DUP1 ISZERO,5,3,1,1
600020541180,PUSH 0x00 SHA3 SLOAD GT DUP1,5,2,1,1
016000205411,ADD PUSH 0x00 SHA3 SLOAD GT,5,3,1,1
6000600760008673ffffffffffffffffffffffffffffffffffffffff,PUSH 0x00 PUSH 0x07 PUSH 0x00 DUP7 PUSH 0xffffffffffffffffffffffffffffffffffffffff,5,4,0,0
60ff161515610e12,PUSH 0xff AND ISZERO ISZERO PUSH 0x0e12,5,1,0,0
0460ff161515,DIV PUSH 0xff AND ISZERO ISZERO,5,2,0,0
900460ff1615,SWAP1 DIV PUSH 0xff AND ISZERO,5,2,0,0
6001905490610100,PUSH 0x01 SWAP1 SLOAD SWAP1 PUSH 0x0100,5,1,0,1
60066001905490,PUSH 0x06 PUSH 0x01 SWAP1 SLOAD SWAP1,5,0,0,1
6000600660019054,PUSH 0x00 PUSH 0x06 PUSH 0x01 SWAP1 SLOAD,5,0,0,1
5094935050,POP SWAP5 SWAP4 POP POP,5,7,0,0
9050949350,SWAP1 POP SWAP5 SWAP4 POP,5,7,0,0
600190509493,PUSH 0x01 SWAP1 POP SWAP5 SWAP4,5,6,0,0
73ffffffffffffffffffffffffffffffffffffffff167fddf252ad1be2c89b69c2b068fc378daa952ba7f163c4a11628f55a4df523b3ef856040,PUSH 0xffffffffffffffffffffffffffffffffffffffff AND PUSH 0xddf252ad1be2c89b69c2b068fc378daa952ba7f163c4a11628f55a4df523b3ef DUP6 PUSH 0x40,5,5,0,0
8573ffffffffffffffffffffffffffffffffffffffff167fddf252ad1be2c89b69c2b068fc378daa952ba7f163c4a11628f55a4df523b3ef85,DUP6 PUSH 0xffffffffffffffffffffffffffffffffffffffff AND PUSH 0xddf252ad1be2c89b69c2b068fc378daa952ba7f163c4a11628f55a4df523b3ef DUP6,5,6,0,0
168573ffffffffffffffffffffffffffffffffffffffff167fddf252ad1be2c89b69c2b068fc378daa952ba7f163c4a11628f55a4df523b3ef,AND DUP6 PUSH 0xffffffffffffffffffffffffffffffffffffffff AND PUSH 0xddf252ad1be2c89b69c2b068fc378daa952ba7f163c4a11628f55a4df523b3ef,5,7,0,0
73ffffffffffffffffffffffffffffffffffffffff168573ffffffffffffffffffffffffffffffffffffffff16,PUSH 0xffffffffffffffffffffffffffffffffffffffff AND DUP6 PUSH 0xffffffffffffffffffffffffffffffffffffffff AND,5,6,0,0
8373ffffffffffffffffffffffffffffffffffffffff168573ffffffffffffffffffffffffffffffffffffffff,DUP4 PUSH 0xffffffffffffffffffffffffffffffffffffffff AND DUP6 PUSH 0xffffffffffffffffffffffffffffffffffffffff,5,5,0,0
600860008673ffffffffffffffffffffffffffffffffffffffff16,PUSH 0x08 PUSH 0x00 DUP7 PUSH 0xffffffffffffffffffffffffffffffffffffffff AND,5,5,0,0
81600860008673ffffffffffffffffffffffffffffffffffffffff,DUP2 PUSH 0x08 PUSH 0x00 DUP7 PUSH 0xffffffffffffffffffffffffffffffffffffffff,5,4,0,0
50816008600086,POP DUP2 PUSH 0x08 PUSH 0x00 DUP7,5,5,0,0
55508160086000,SSTORE POP DUP2 PUSH 0x08 PUSH 0x00,5,5,0,1
905550816008,SWAP1 SSTORE POP DUP2 PUSH 0x08,5,5,0,1
8190555081,DUP2 SWAP1 SSTORE POP DUP2,5,4,0,1
600760008673ffffffffffffffffffffffffffffffffffffffff16,PUSH 0x07 PUSH 0x00 DUP7 PUSH 0xffffffffffffffffffffffffffffffffffffffff AND,5,5,0,0
82600760008673ffffffffffffffffffffffffffffffffffffffff,DUP3 PUSH 0x07 PUSH 0x00 DUP7 PUSH 0xffffffffffffffffffffffffffffffffffffffff,5,4,0,0
6000821115610d84,PUSH 0x00 DUP3 GT ISZERO PUSH 0x0d84,5,2,0,0
506000821115,POP PUSH 0x00 DUP3 GT ISZERO,5,3,0,0
555060008211,SSTORE POP PUSH 0x00 DUP3 GT,5,5,0,1
905550600082,SWAP1 SSTORE POP PUSH 0x00 DUP3,5,5,0,1
819055506000,DUP2 SWAP1 SSTORE POP PUSH 0x00,5,2,0,1
83600160008773ffffffffffffffffffffffffffffffffffffffff,DUP4 PUSH 0x01 PUSH 0x00 DUP8 PUSH 0xffffffffffffffffffffffffffffffffffffffff,5,5,0,0
610caf836001600087,PUSH 0x0caf DUP4 PUSH 0x01 PUSH 0x00 DUP8,5,4,0,0
50610caf8360016000,POP PUSH 0x0caf DUP4 PUSH 0x01 PUSH 0x00,5,4,0,0
5550610caf836001,SSTORE POP PUSH 0x0caf DUP4 PUSH 0x01,5,6,0,1
905550610caf83,SWAP1 SSTORE POP PUSH 0x0caf DUP4,5,6,0,1
81905550610caf,DUP2 SWAP1 SSTORE POP PUSH 0x0caf,5,2,0,1
8773ffffffffffffffffffffffffffffffffffffffff1673ffffffffffffffffffffffffffffffffffffffff16,DUP8 PUSH 0xffffffffffffffffffffffffffffffffffffffff AND PUSH 0xffffffffffffffffffffffffffffffffffffffff AND,5,8,0,0
60008773ffffffffffffffffffffffffffffffffffffffff1673ffffffffffffffffffffffffffffffffffffffff,PUSH 0x00 DUP8 PUSH 0xffffffffffffffffffffffffffffffffffffffff AND PUSH 0xffffffffffffffffffffffffffffffffffffffff,5,7,0,0
600160008773ffffffffffffffffffffffffffffffffffffffff16,PUSH 0x01 PUSH 0x00 DUP8 PUSH 0xffffffffffffffffffffffffffffffffffffffff AND,5,6,0,0
90919063ffffffff16,SWAP1 SWAP2 SWAP1 PUSH 0xffffffff AND,5,3,0,0
611ed790919063ffffffff,PUSH 0x1ed7 SWAP1 SWAP2 SWAP1 PUSH 0xffffffff,5,2,0,0
54611ed7909190,SLOAD PUSH 0x1ed7 SWAP1 SWAP2 SWAP1,5,2,0,1
2054611ed79091,SHA3 SLOAD PUSH 0x1ed7 SWAP1 SWAP2,5,3,1,1
60002054611ed790,PUSH 0x00 SHA3 SLOAD PUSH 0x1ed7 SWAP1,5,1,1,1
0160002054611ed7,ADD PUSH 0x00 SHA3 SLOAD PUSH 0x1ed7,5,2,1,1
8873ffffffffffffffffffffffffffffffffffffffff1673ffffffffffffffffffffffffffffffffffffffff16,DUP9 PUSH 0xffffffffffffffffffffffffffffffffffffffff AND PUSH 0xffffffffffffffffffffffffffffffffffffffff AND,5,9,0,0
60008873ffffffffffffffffffffffffffffffffffffffff1673ffffffffffffffffffffffffffffffffffffffff,PUSH 0x00 DUP9 PUSH 0xffffffffffffffffffffffffffffffffffffffff AND PUSH 0xffffffffffffffffffffffffffffffffffffffff,5,8,0,0
600160008873ffffffffffffffffffffffffffffffffffffffff16,PUSH 0x01 PUSH 0x00 DUP9 PUSH 0xffffffffffffffffffffffffffffffffffffffff AND,5,7,0,0
83600160008873ffffffffffffffffffffffffffffffffffffffff,DUP4 PUSH 0x01 PUSH 0x00 DUP9 PUSH 0xffffffffffffffffffffffffffffffffffffffff,5,6,0,0
610c1a836001600088,PUSH 0x0c1a DUP4 PUSH 0x01 PUSH 0x00 DUP9,5,5,0,0
11151515610bc8,GT ISZERO ISZERO ISZERO PUSH 0x0bc8,5,2,0,0
8311151515,DUP4 GT ISZERO ISZERO ISZERO,5,4,0,0
5483111515,SLOAD DUP4 GT ISZERO ISZERO,5,4,0,1
2054831115,SHA3 SLOAD DUP4 GT ISZERO,5,5,1,1
600020548311,PUSH 0x00 SHA3 SLOAD DUP4 GT,5,4,1,1
016000205483,ADD PUSH 0x00 SHA3 SLOAD DUP4,5,5,1,1
60200160002054,PUSH 0x20 ADD PUSH 0x00 SHA3 SLOAD,5,1,1,1
8673ffffffffffffffffffffffffffffffffffffffff1673ffffffffffffffffffffffffffffffffffffffff16,DUP7 PUSH 0xffffffffffffffffffffffffffffffffffffffff AND PUSH 0xffffffffffffffffffffffffffffffffffffffff AND,5,7,0,0
60008673ffffffffffffffffffffffffffffffffffffffff1673ffffffffffffffffffffffffffffffffffffffff,PUSH 0x00 DUP7 PUSH 0xffffffffffffffffffffffffffffffffffffffff AND PUSH 0xffffffffffffffffffffffffffffffffffffffff,5,6,0,0
600160008673ffffffffffffffffffffffffffffffffffffffff16,PUSH 0x01 PUSH 0x00 DUP7 PUSH 0xffffffffffffffffffffffffffffffffffffffff AND,5,5,0,0
14151515610b7a,EQ ISZERO ISZERO ISZERO PUSH 0x0b7a,5,2,0,0
1614151515,AND EQ ISZERO ISZERO ISZERO,5,3,0,0
73ffffffffffffffffffffffffffffffffffffffff16141515,PUSH 0xffffffffffffffffffffffffffffffffffffffff AND EQ ISZERO ISZERO,5,2,0,0
8473ffffffffffffffffffffffffffffffffffffffff161415,DUP5 PUSH 0xffffffffffffffffffffffffffffffffffffffff AND EQ ISZERO,5,5,0,0
168473ffffffffffffffffffffffffffffffffffffffff1614,AND DUP5 PUSH 0xffffffffffffffffffffffffffffffffffffffff AND EQ,5,6,0,0
73ffffffffffffffffffffffffffffffffffffffff168473ffffffffffffffffffffffffffffffffffffffff16,PUSH 0xffffffffffffffffffffffffffffffffffffffff AND DUP5 PUSH 0xffffffffffffffffffffffffffffffffffffffff AND,5,5,0,0
600073ffffffffffffffffffffffffffffffffffffffff168473ffffffffffffffffffffffffffffffffffffffff,PUSH 0x00 PUSH 0xffffffffffffffffffffffffffffffffffffffff AND DUP5 PUSH 0xffffffffffffffffffffffffffffffffffffffff,5,4,0,0
73630cc4c83fcc1121fed041126227d25bbeb5195973ffffffffffffffffffffffffffffffffffffffff163373ffffffffffffffffffffffffffffffffffffffff,PUSH 0x630cc4c83fcc1121fed041126227d25bbeb51959 PUSH 0xffffffffffffffffffffffffffffffffffffffff AND CALLER PUSH 0xffffffffffffffffffffffffffffffffffffffff,5,0,1,0
5073630cc4c83fcc1121fed041126227d25bbeb5195973ffffffffffffffffffffffffffffffffffffffff1633,POP PUSH 0x630cc4c83fcc1121fed041126227d25bbeb51959 PUSH 0xffffffffffffffffffffffffffffffffffffffff AND CALLER,5,1,1,0
73ffffffffffffffffffffffffffffffffffffffff161480610b33,PUSH 0xffffffffffffffffffffffffffffffffffffffff AND EQ DUP1 PUSH 0x0b33,5,2,0,0
3373ffffffffffffffffffffffffffffffffffffffff161480,CALLER PUSH 0xffffffffffffffffffffffffffffffffffffffff AND EQ DUP1,5,1,1,0
163373ffffffffffffffffffffffffffffffffffffffff1614,AND CALLER PUSH 0xffffffffffffffffffffffffffffffffffffffff AND EQ,5,2,1,0
1673ffffffffffffffffffffffffffffffffffffffff163373ffffffffffffffffffffffffffffffffffffffff,AND PUSH 0xffffffffffffffffffffffffffffffffffffffff AND CALLER PUSH 0xffffffffffffffffffffffffffffffffffffffff,5,2,1,0
73ffffffffffffffffffffffffffffffffffffffff1673ffffffffffffffffffffffffffffffffffffffff1633,PUSH 0xffffffffffffffffffffffffffffffffffffffff AND PUSH 0xffffffffffffffffffffffffffffffffffffffff AND CALLER,5,1,1,0
0473ffffffffffffffffffffffffffffffffffffffff1673ffffffffffffffffffffffffffffffffffffffff16,DIV PUSH 0xffffffffffffffffffffffffffffffffffffffff AND PUSH 0xffffffffffffffffffffffffffffffffffffffff AND,5,2,0,0
900473ffffffffffffffffffffffffffffffffffffffff1673ffffffffffffffffffffffffffffffffffffffff,SWAP1 DIV PUSH 0xffffffffffffffffffffffffffffffffffffffff AND PUSH 0xffffffffffffffffffffffffffffffffffffffff,5,2,0,0
0a900473ffffffffffffffffffffffffffffffffffffffff16,EXP SWAP1 DIV PUSH 0xffffffffffffffffffffffffffffffffffffffff AND,5,3,1,0
6101000a900473ffffffffffffffffffffffffffffffffffffffff,PUSH 0x0100 EXP SWAP1 DIV PUSH 0xffffffffffffffffffffffffffffffffffffffff,5,2,1,0
906101000a9004,SWAP1 PUSH 0x0100 EXP SWAP1 DIV,5,2,1,0
54906101000a90,SLOAD SWAP1 PUSH 0x0100 EXP SWAP1,5,2,1,1
9054906101000a,SWAP1 SLOAD SWAP1 PUSH 0x0100 EXP,5,2,1,1
6000905490610100,PUSH 0x00 SWAP1 SLOAD SWAP1 PUSH 0x0100,5,1,0,1
806000905490,DUP1 PUSH 0x00 SWAP1 SLOAD SWAP1,5,1,0,1
60008060009054,PUSH 0x00 DUP1 PUSH 0x00 SWAP1 SLOAD,5,0,0,1
600254905090,PUSH 0x02 SLOAD SWAP1 POP SWAP1,5,2,0,1
60006002549050,PUSH 0x00 PUSH 0x02 SLOAD SWAP1 POP,5,0,0,1
5092915050,POP SWAP3 SWAP2 POP POP,5,5,0,0
9050929150,SWAP1 POP SWAP3 SWAP2 POP,5,5,0,0
600190509291,PUSH 0x01 SWAP1 POP SWAP3 SWAP2,5,4,0,0
846040518082,DUP5 PUSH 0x40 MLOAD DUP1 DUP3,5,5,1,0
7f8c5be1e5ebec7d5bd14f71427d1e84f3dd0314c0f7b2291e5b200ac8c7c3b9258460405180,PUSH 0x8c5be1e5ebec7d5bd14f71427d1e84f3dd0314c0f7b2291e5b200ac8c7c3b925 DUP5 PUSH 0x40 MLOAD DUP1,5,4,1,0
167f8c5be1e5ebec7d5bd14f71427d1e84f3dd0314c0f7b2291e5b200ac8c7c3b92584604051,AND PUSH 0x8c5be1e5ebec7d5bd14f71427d1e84f3dd0314c0f7b2291e5b200ac8c7c3b925 DUP5 PUSH 0x40 MLOAD,5,5,1,0
73ffffffffffffffffffffffffffffffffffffffff167f8c5be1e5ebec7d5bd14f71427d1e84f3dd0314c0f7b2291e5b200ac8c7c3b925846040,PUSH 0xffffffffffffffffffffffffffffffffffffffff AND PUSH 0x8c5be1e5ebec7d5bd14f71427d1e84f3dd0314c0f7b2291e5b200ac8c7c3b925 DUP5 PUSH 0x40,5,4,0,0
3373ffffffffffffffffffffffffffffffffffffffff167f8c5be1e5ebec7d5bd14f71427d1e84f3dd0314c0f7b2291e5b200ac8c7c3b92584,CALLER PUSH 0xffffffffffffffffffffffffffffffffffffffff AND PUSH 0x8c5be1e5ebec7d5bd14f71427d1e84f3dd0314c0f7b2291e5b200ac8c7c3b925 DUP5,5,3,1,0
163373ffffffffffffffffffffffffffffffffffffffff167f8c5be1e5ebec7d5bd14f71427d1e84f3dd0314c0f7b2291e5b200ac8c7c3b925,AND CALLER PUSH 0xffffffffffffffffffffffffffffffffffffffff AND PUSH 0x8c5be1e5ebec7d5bd14f71427d1e84f3dd0314c0f7b2291e5b200ac8c7c3b925,5,2,1,0
73ffffffffffffffffffffffffffffffffffffffff163373ffffffffffffffffffffffffffffffffffffffff16,PUSH 0xffffffffffffffffffffffffffffffffffffffff AND CALLER PUSH 0xffffffffffffffffffffffffffffffffffffffff AND,5,1,1,0
8273ffffffffffffffffffffffffffffffffffffffff163373ffffffffffffffffffffffffffffffffffffffff,DUP3 PUSH 0xffffffffffffffffffffffffffffffffffffffff AND CALLER PUSH 0xffffffffffffffffffffffffffffffffffffffff,5,3,1,0
508273ffffffffffffffffffffffffffffffffffffffff1633,POP DUP3 PUSH 0xffffffffffffffffffffffffffffffffffffffff AND CALLER,5,4,1,0
55508273ffffffffffffffffffffffffffffffffffffffff16,SSTORE POP DUP3 PUSH 0xffffffffffffffffffffffffffffffffffffffff AND,5,6,0,1
9055508273ffffffffffffffffffffffffffffffffffffffff,SWAP1 SSTORE POP DUP3 PUSH 0xffffffffffffffffffffffffffffffffffffffff,5,6,0,1
8190555082,DUP2 SWAP1 SSTORE POP DUP3,5,5,0,1
2081905550,SHA3 DUP2 SWAP1 SSTORE POP,5,3,1,1
600020819055,PUSH 0x00 SHA3 DUP2 SWAP1 SSTORE,5,2,1,1
016000208190,ADD PUSH 0x00 SHA3 DUP2 SWAP1,5,3,1,0
60200160002081,PUSH 0x20 ADD PUSH 0x00 SHA3 DUP2,5,2,1,0
8573ffffffffffffffffffffffffffffffffffffffff1673ffffffffffffffffffffffffffffffffffffffff16,DUP6 PUSH 0xffffffffffffffffffffffffffffffffffffffff AND PUSH 0xffffffffffffffffffffffffffffffffffffffff AND,5,6,0,0
60008573ffffffffffffffffffffffffffffffffffffffff1673ffffffffffffffffffffffffffffffffffffffff,PUSH 0x00 DUP6 PUSH 0xffffffffffffffffffffffffffffffffffffffff AND PUSH 0xffffffffffffffffffffffffffffffffffffffff,5,5,0,0
2060008573ffffffffffffffffffffffffffffffffffffffff16,SHA3 PUSH 0x00 DUP6 PUSH 0xffffffffffffffffffffffffffffffffffffffff AND,5,6,1,0
60002060008573ffffffffffffffffffffffffffffffffffffffff,PUSH 0x00 SHA3 PUSH 0x00 DUP6 PUSH 0xffffffffffffffffffffffffffffffffffffffff,5,5,1,0
01600020600085,ADD PUSH 0x00 SHA3 PUSH 0x00 DUP6,5,6,1,0
6020016000206000,PUSH 0x20 ADD PUSH 0x00 SHA3 PUSH 0x00,5,1,1,0
6020019081,PUSH 0x20 ADD SWAP1 DUP2,4,2,0,0
3373ffffffffffffffffffffffffffffffffffffffff1673ffffffffffffffffffffffffffffffffffffffff16,CALLER PUSH 0xffffffffffffffffffffffffffffffffffffffff AND PUSH 0xffffffffffffffffffffffffffffffffffffffff AND,5,0,1,0
60003373ffffffffffffffffffffffffffffffffffffffff1673ffffffffffffffffffffffffffffffffffffffff,PUSH 0x00 CALLER PUSH 0xffffffffffffffffffffffffffffffffffffffff AND PUSH 0xffffffffffffffffffffffffffffffffffffffff,5,0,1,0
600360003373ffffffffffffffffffffffffffffffffffffffff16,PUSH 0x03 PUSH 0x00 CALLER PUSH 0xffffffffffffffffffffffffffffffffffffffff AND,5,0,1,0
81600360003373ffffffffffffffffffffffffffffffffffffffff,DUP2 PUSH 0x03 PUSH 0x00 CALLER PUSH 0xffffffffffffffffffffffffffffffffffffffff,5,2,1,0
6000816003600033,PUSH 0x00 DUP2 PUSH 0x03 PUSH 0x00 CALLER,5,1,1,0
90048015610993,SWAP1 DIV DUP1 ISZERO PUSH 0x0993,5,2,0,0
600290048015,PUSH 0x02 SWAP1 DIV DUP1 ISZERO,5,1,0,0
828054600181,DUP3 DUP1 SLOAD PUSH 0x01 DUP2,5,3,0,1
018280546001,ADD DUP3 DUP1 SLOAD PUSH 0x01,5,4,0,1
602001828054,PUSH 0x20 ADD DUP3 DUP1 SLOAD,5,3,0,1
9291908181,SWAP3 SWAP2 SWAP1 DUP2 DUP2,5,4,0,0
8092919081,DUP1 SWAP3 SWAP2 SWAP1 DUP2,5,3,0,0
519081016040,MLOAD SWAP1 DUP2 ADD PUSH 0x40,5,2,1,0
604051908101,PUSH 0x40 MLOAD SWAP1 DUP2 ADD,5,1,1,0
016040519081,ADD PUSH 0x40 MLOAD SWAP1 DUP2,5,2,1,0
60200160405190,PUSH 0x20 ADD PUSH 0x40 MLOAD SWAP1,5,1,1,0
02602001604051,MUL PUSH 0x20 ADD PUSH 0x40 MLOAD,5,2,1,0
04026020016040,DIV MUL PUSH 0x20 ADD PUSH 0x40,5,3,0,0
910402602001,SWAP2 DIV MUL PUSH 0x20 ADD,5,3,0,0
809104026020,DUP1 SWAP2 DIV MUL PUSH 0x20,5,2,0,0
602080910402,PUSH 0x20 DUP1 SWAP2 DIV MUL,5,1,0,0
016020809104,ADD PUSH 0x20 DUP1 SWAP2 DIV,5,2,0,0
601f0160208091,PUSH 0x1f ADD PUSH 0x20 DUP1 SWAP2,5,1,0,0
80601f01602080,DUP1 PUSH 0x1f ADD PUSH 0x20 DUP1,5,1,0,0
0480601f016020,DIV DUP1 PUSH 0x1f ADD PUSH 0x20,5,2,0,0
900480601f01,SWAP1 DIV DUP1 PUSH 0x1f ADD,5,2,0,0
6002900480601f,PUSH 0x02 SWAP1 DIV DUP1 PUSH 0x1f,5,1,0,0
166002900480,AND PUSH 0x02 SWAP1 DIV DUP1,5,2,0,0
031660029004,SUB AND PUSH 0x02 SWAP1 DIV,5,3,0,0
020316600290,MUL SUB AND PUSH 0x02 SWAP1,5,4,0,0
6101000203166002,PUSH 0x0100 MUL SUB AND PUSH 0x02,5,3,0,0
15610100020316,ISZERO PUSH 0x0100 MUL SUB AND,5,3,0,0
16156101000203,AND ISZERO PUSH 0x0100 MUL SUB,5,3,0,0
6001161561010002,PUSH 0x01 AND ISZERO PUSH 0x0100 MUL,5,1,0,0
8160011615610100,DUP2 PUSH 0x01 AND ISZERO PUSH 0x0100,5,2,0,0
60018160011615,PUSH 0x01 DUP2 PUSH 0x01 AND ISZERO,5,1,0,0
54600181600116,SLOAD PUSH 0x01 DUP2 PUSH 0x01 AND,5,1,0,1
80546001816001,DUP1 SLOAD PUSH 0x01 DUP2 PUSH 0x01,5,1,0,1
60048054600181,PUSH 0x04 DUP1 SLOAD PUSH 0x01 DUP2,5,0,0,1
808035906020,DUP1 DUP1 CALLDATALOAD SWAP1 PUSH 0x20,5,1,1,0
9080803590,SWAP1 DUP1 DUP1 CALLDATALOAD SWAP1,5,2,1,0
60ff1660ff1681,PUSH 0xff AND PUSH 0xff AND DUP2,5,2,0,0
8260ff1660ff16,DUP3 PUSH 0xff AND PUSH 0xff AND,5,3,0,0
808260ff1660ff,DUP1 DUP3 PUSH 0xff AND PUSH 0xff,5,2,0,0
51808260ff16,MLOAD DUP1 DUP3 PUSH 0xff AND,5,2,1,0
604051808260ff,PUSH 0x40 MLOAD DUP1 DUP3 PUSH 0xff,5,1,1,0
90803573ffffffffffffffffffffffffffffffffffffffff16,SWAP1 DUP1 CALLDATALOAD PUSH 0xffffffffffffffffffffffffffffffffffffffff AND,5,2,1,0
9190803573ffffffffffffffffffffffffffffffffffffffff,SWAP2 SWAP1 DUP1 CALLDATALOAD PUSH 0xffffffffffffffffffffffffffffffffffffffff,5,3,1,0
1515151581,ISZERO ISZERO ISZERO ISZERO DUP2,5,2,0,0
8215151515,DUP3 ISZERO ISZERO ISZERO ISZERO,5,3,0,0
8082151515,DUP1 DUP3 ISZERO ISZERO ISZERO,5,2,0,0
5180821515,MLOAD DUP1 DUP3 ISZERO ISZERO,5,2,1,0
604051808215,PUSH 0x40 MLOAD DUP1 DUP3 ISZERO,5,1,1,0
9050505061099b,SWAP1 POP POP POP PUSH 0x099b,5,3,0,0
9190505050,SWAP2 SWAP1 POP POP POP,5,3,0,0
9291905050,SWAP3 SWAP2 SWAP1 POP POP,5,4,0,0
9092919050,SWAP1 SWAP3 SWAP2 SWAP1 POP,5,4,0,0
359060200190,CALLDATALOAD SWAP1 PUSH 0x20 ADD SWAP1,5,2,1,0
803590602001,DUP1 CALLDATALOAD SWAP1 PUSH 0x20 ADD,5,1,1,0
908035906020,SWAP1 DUP1 CALLDATALOAD SWAP1 PUSH 0x20,5,2,1,0
9190803590,SWAP2 SWAP1 DUP1 CALLDATALOAD SWAP1,5,3,1,0
9291908035,SWAP3 SWAP2 SWAP1 DUP1 CALLDATALOAD,5,4,1,0
9092919080,SWAP1 SWAP3 SWAP2 SWAP1 DUP1,5,4,0,0
0190929190,ADD SWAP1 SWAP3 SWAP2 SWAP1,5,5,0,0
602001909291,PUSH 0x20 ADD SWAP1 SWAP3 SWAP2,5,4,0,0
906020019092,SWAP1 PUSH 0x20 ADD SWAP1 SWAP3,5,4,0,0
169060200190,AND SWAP1 PUSH 0x20 ADD SWAP1,5,3,0,0
73ffffffffffffffffffffffffffffffffffffffff1690602001,PUSH 0xffffffffffffffffffffffffffffffffffffffff AND SWAP1 PUSH 0x20 ADD,5,2,0,0
3573ffffffffffffffffffffffffffffffffffffffff16906020,CALLDATALOAD PUSH 0xffffffffffffffffffffffffffffffffffffffff AND SWAP1 PUSH 0x20,5,2,1,0
803573ffffffffffffffffffffffffffffffffffffffff1690,DUP1 CALLDATALOAD PUSH 0xffffffffffffffffffffffffffffffffffffffff AND SWAP1,5,1,1,0
80803573ffffffffffffffffffffffffffffffffffffffff16,DUP1 DUP1 CALLDATALOAD PUSH 0xffffffffffffffffffffffffffffffffffffffff AND,5,1,1,0
9080803573ffffffffffffffffffffffffffffffffffffffff,SWAP1 DUP1 DUP1 CALLDATALOAD PUSH 0xffffffffffffffffffffffffffffffffffffffff,5,2,1,0
0190808035,ADD SWAP1 DUP1 DUP1 CALLDATALOAD,5,3,1,0
8101908080,DUP2 ADD SWAP1 DUP1 DUP1,5,2,0,0
0381019080,SUB DUP2 ADD SWAP1 DUP1,5,3,0,0
3603810190,CALLDATASIZE SUB DUP2 ADD SWAP1,5,2,1,0
8036038101,DUP1 CALLDATASIZE SUB DUP2 ADD,5,1,1,0
600480360381,PUSH 0x04 DUP1 CALLDATASIZE SUB DUP2,5,0,1,0
6102136004803603,PUSH 0x0213 PUSH 0x04 DUP1 CALLDATASIZE SUB,5,0,1,0
5061021360048036,POP PUSH 0x0213 PUSH 0x04 DUP1 CALLDATASIZE,5,1,1,0
81019050610172,DUP2 ADD SWAP1 POP PUSH 0x0172,5,2,0,0
602081019050,PUSH 0x20 DUP2 ADD SWAP1 POP,5,1,0,0
0151818401,ADD MLOAD DUP2 DUP5 ADD,5,5,1,0
8201518184,DUP3 ADD MLOAD DUP2 DUP5,5,4,1,0
8082015181,DUP1 DUP3 ADD MLOAD DUP2,5,2,1,0
602001908083,PUSH 0x20 ADD SWAP1 DUP1 DUP4,5,3,0,0
906020019080,SWAP1 PUSH 0x20 ADD SWAP1 DUP1,5,2,0,0
519060200190,MLOAD SWAP1 PUSH 0x20 ADD SWAP1,5,2,1,0
805190602001,DUP1 MLOAD SWAP1 PUSH 0x20 ADD,5,1,1,0
508051906020,POP DUP1 MLOAD SWAP1 PUSH 0x20,5,2,1,0
9150805190,SWAP2 POP DUP1 MLOAD SWAP1,5,3,1,0
0191508051,ADD SWAP2 POP DUP1 MLOAD,5,4,1,0
602001915080,PUSH 0x20 ADD SWAP2 POP DUP1,5,3,0,0
8381815181,DUP4 DUP2 DUP2 MLOAD DUP2,5,4,1,0
0182810382,ADD DUP3 DUP2 SUB DUP3,5,4,0,0
602001828103,PUSH 0x20 ADD DUP3 DUP2 SUB,5,3,0,0
806020018281,DUP1 PUSH 0x20 ADD DUP3 DUP2,5,2,0,0
808060200182,DUP1 DUP1 PUSH 0x20 ADD DUP3,5,1,0,0
518080602001,MLOAD DUP1 DUP1 PUSH 0x20 ADD,5,1,1,0
60405180806020,PUSH 0x40 MLOAD DUP1 DUP1 PUSH 0x20,5,0,1,0
16806306fdde0314610138,AND DUP1 PUSH 0x06fdde03 EQ PUSH 0x0138,5,2,0,0
63ffffffff16806306fdde0314,PUSH 0xffffffff AND DUP1 PUSH 0x06fdde03 EQ,5,1,0,0
0463ffffffff16806306fdde03,DIV PUSH 0xffffffff AND DUP1 PUSH 0x06fdde03,5,2,0,0
900463ffffffff1680,SWAP1 DIV PUSH 0xffffffff AND DUP1,5,2,0,0
7c0100000000000000000000000000000000000000000000000000000000900463ffffffff16,PUSH 0x0100000000000000000000000000000000000000000000000000000000 SWAP1 DIV PUSH 0xffffffff AND,5,1,0,0
357c0100000000000000000000000000000000000000000000000000000000900463ffffffff,CALLDATALOAD PUSH 0x0100000000000000000000000000000000000000000000000000000000 SWAP1 DIV PUSH 0xffffffff,5,1,1,0
6000357c01000000000000000000000000000000000000000000000000000000009004,PUSH 0x00 CALLDATALOAD PUSH 0x0100000000000000000000000000000000000000000000000000000000 SWAP1 DIV,5,0,1,0
50,POP,1,1,0,0
8316179055,DUP4 AND OR SWAP1 SSTORE,5,4,0,1
0383161790,SUB DUP4 AND OR SWAP1,5,5,0,0
0a03831617,EXP SUB DUP4 AND OR,5,6,1,0
16600160a060020a,AND PUSH 0x01 PUSH 0xa0 PUSH 0x02 EXP,5,2,1,0
1916600160a06002,NOT AND PUSH 0x01 PUSH 0xa0 PUSH 0x02,5,2,0,0
73ffffffffffffffffffffffffffffffffffffffff1916600160a0,PUSH 0xffffffffffffffffffffffffffffffffffffffff NOT AND PUSH 0x01 PUSH 0xa0,5,1,0,0
5473ffffffffffffffffffffffffffffffffffffffff19166001,SLOAD PUSH 0xffffffffffffffffffffffffffffffffffffffff NOT AND PUSH 0x01,5,1,0,1
6002805473ffffffffffffffffffffffffffffffffffffffff19,PUSH 0x02 DUP1 SLOAD PUSH 0xffffffffffffffffffffffffffffffffffffffff NOT,5,0,0,1
038116156107b5,SUB DUP2 AND ISZERO PUSH 0x07b5,5,3,0,0
0a03811615,EXP SUB DUP2 AND ISZERO,5,4,1,0
60020a038116,PUSH 0x02 EXP SUB DUP2 AND,5,3,1,0
60a060020a0381,PUSH 0xa0 PUSH 0x02 EXP SUB DUP2,5,2,1,0
205490,SHA3 SLOAD SWAP1,3,3,1,1
919091,SWAP2 SWAP1 SWAP2,3,3,0,0
9390941682,SWAP4 SWAP1 SWAP5 AND DUP3,5,6,0,0
2093909416,SHA3 SWAP4 SWAP1 SWAP5 AND,5,7,1,0
8320939094,DUP4 SHA3 SWAP4 SWAP1 SWAP5,5,6,1,0
8083209390,DUP1 DUP4 SHA3 SWAP4 SWAP1,5,4,1,0
604080832093,PUSH 0x40 DUP1 DUP4 SHA3 SWAP4,5,3,1,0
821660009081,DUP3 AND PUSH 0x00 SWAP1 DUP2,5,3,0,0
918216600090,SWAP2 DUP3 AND PUSH 0x00 SWAP1,5,3,0,0
039182166000,SUB SWAP2 DUP3 AND PUSH 0x00,5,4,0,0
0a03918216,EXP SUB SWAP2 DUP3 AND,5,5,1,0
60020a039182,PUSH 0x02 EXP SUB SWAP2 DUP3,5,4,1,0
60a060020a0391,PUSH 0xa0 PUSH 0x02 EXP SUB SWAP2,5,3,1,0
0390910190,SUB SWAP1 SWAP2 ADD SWAP1,5,4,0,0
9003909101,SWAP1 SUB SWAP1 SWAP2 ADD,5,4,0,0
8190039091,DUP2 SWAP1 SUB SWAP1 SWAP2,5,3,0,0
9181900390,SWAP2 DUP2 SWAP1 SUB SWAP1,5,3,0,0
9291819003,SWAP3 SWAP2 DUP2 SWAP1 SUB,5,4,0,0
7fddf252ad1be2c89b69c2b068fc378daa952ba7f163c4a11628f55a4df523b3ef92918190,PUSH 0xddf252ad1be2c89b69c2b068fc378daa952ba7f163c4a11628f55a4df523b3ef SWAP3 SWAP2 DUP2 SWAP1,5,3,0,0
927fddf252ad1be2c89b69c2b068fc378daa952ba7f163c4a11628f55a4df523b3ef929181,SWAP3 PUSH 0xddf252ad1be2c89b69c2b068fc378daa952ba7f163c4a11628f55a4df523b3ef SWAP3 SWAP2 DUP2,5,4,0,0
93927fddf252ad1be2c89b69c2b068fc378daa952ba7f163c4a11628f55a4df523b3ef9291,SWAP4 SWAP3 PUSH 0xddf252ad1be2c89b69c2b068fc378daa952ba7f163c4a11628f55a4df523b3ef SWAP3 SWAP2,5,5,0,0
9293927fddf252ad1be2c89b69c2b068fc378daa952ba7f163c4a11628f55a4df523b3ef92,SWAP3 SWAP4 SWAP3 PUSH 0xddf252ad1be2c89b69c2b068fc378daa952ba7f163c4a11628f55a4df523b3ef SWAP3,5,5,0,0
519293927fddf252ad1be2c89b69c2b068fc378daa952ba7f163c4a11628f55a4df523b3ef,MLOAD SWAP3 SWAP4 SWAP3 PUSH 0xddf252ad1be2c89b69c2b068fc378daa952ba7f163c4a11628f55a4df523b3ef,5,5,1,0
9051929392,SWAP1 MLOAD SWAP3 SWAP4 SWAP3,5,5,1,0
5580518681,SSTORE DUP1 MLOAD DUP7 DUP2,5,8,1,1
9055805186,SWAP1 SSTORE DUP1 MLOAD DUP7,5,8,1,1
0190558051,ADD SWAP1 SSTORE DUP1 MLOAD,5,4,1,1
8701905580,DUP8 ADD SWAP1 SSTORE DUP1,5,8,0,1
5487019055,SLOAD DUP8 ADD SWAP1 SSTORE,5,8,0,2
8054870190,DUP1 SLOAD DUP8 ADD SWAP1,5,7,0,1
2080548701,SHA3 DUP1 SLOAD DUP8 ADD,5,8,1,1
9020805487,SWAP1 SHA3 DUP1 SLOAD DUP8,5,8,1,1
8190208054,DUP2 SWAP1 SHA3 DUP1 SLOAD,5,2,1,1
9281902080,SWAP3 DUP2 SWAP1 SHA3 DUP1,5,4,1,0
0387168084,SUB DUP8 AND DUP1 DUP5,5,9,0,0
55600160a060020a,SSTORE PUSH 0x01 PUSH 0xa0 PUSH 0x02 EXP,5,2,1,1
9055600160a06002,SWAP1 SSTORE PUSH 0x01 PUSH 0xa0 PUSH 0x02,5,2,0,1
039055600160a0,SUB SWAP1 SSTORE PUSH 0x01 PUSH 0xa0,5,3,0,1
900390556001,SWAP1 SUB SWAP1 SSTORE PUSH 0x01,5,3,0,1
8320805487,DUP4 SHA3 DUP1 SLOAD DUP8,5,7,1,1
8083208054,DUP1 DUP4 SHA3 DUP1 SLOAD,5,3,1,1
604080832080,PUSH 0x40 DUP1 DUP4 SHA3 DUP1,5,2,1,0
60208181,PUSH 0x20 DUP2 DUP2,3,1,0,0
8390031015,DUP4 SWAP1 SUB LT ISZERO,5,4,0,0
1983900310,NOT DUP4 SWAP1 SUB LT,5,4,0,0
600019839003,PUSH 0x00 NOT DUP4 SWAP1 SUB,5,3,0,0
546000198390,SLOAD PUSH 0x00 NOT DUP4 SWAP1,5,3,0,1
205460001983,SHA3 SLOAD PUSH 0x00 NOT DUP4,5,4,1,1
831660009081,DUP4 AND PUSH 0x00 SWAP1 DUP2,5,4,0,0
038316600090,SUB DUP4 AND PUSH 0x00 SWAP1,5,5,0,0
841614806106c4,DUP5 AND EQ DUP1 PUSH 0x06c4,5,5,0,0
0384161480,SUB DUP5 AND EQ DUP1,5,6,0,0
0a03841614,EXP SUB DUP5 AND EQ,5,7,1,0
33600160a060020a,CALLER PUSH 0x01 PUSH 0xa0 PUSH 0x02 EXP,5,0,2,0
54821115610690,SLOAD DUP3 GT ISZERO PUSH 0x0690,5,3,0,1
2054821115,SHA3 SLOAD DUP3 GT ISZERO,5,4,1,1
8120548211,DUP2 SHA3 SLOAD DUP3 GT,5,3,1,1
604081205482,PUSH 0x40 DUP2 SHA3 SLOAD DUP3,5,2,1,1
3360009081,CALLER PUSH 0x00 SWAP1 DUP2,4,0,1,0
60048054604080,PUSH 0x04 DUP1 SLOAD PUSH 0x40 DUP1,5,0,0,1
60020a031681,PUSH 0x02 EXP SUB AND DUP2,5,4,1,0
604090205490,PUSH 0x40 SWAP1 SHA3 SLOAD SWAP1,5,2,1,1
031660009081,SUB AND PUSH 0x00 SWAP1 DUP2,5,3,0,0
0a0316600090,EXP SUB AND PUSH 0x00 SWAP1,5,4,1,0
60020a03166000,PUSH 0x02 EXP SUB AND PUSH 0x00,5,3,1,0
9091179055,SWAP1 SWAP2 OR SWAP1 SSTORE,5,3,0,1
9190911790,SWAP2 SWAP1 SWAP2 OR SWAP1,5,3,0,0
1591909117,ISZERO SWAP2 SWAP1 SWAP2 OR,5,3,0,0
1515919091,ISZERO ISZERO SWAP2 SWAP1 SWAP2,5,3,0,0
9115159190,SWAP2 ISZERO ISZERO SWAP2 SWAP1,5,3,0,0
1691151591,AND SWAP2 ISZERO ISZERO SWAP2,5,4,0,0
1916911515,NOT AND SWAP2 ISZERO ISZERO,5,4,0,0
60ff19169115,PUSH 0xff NOT AND SWAP2 ISZERO,5,3,0,0
5460ff191691,SLOAD PUSH 0xff NOT AND SWAP2,5,3,0,1
805460ff1916,DUP1 SLOAD PUSH 0xff NOT AND,5,1,0,1
6007805460ff19,PUSH 0x07 DUP1 SLOAD PUSH 0xff NOT,5,0,0,1
031633146105dc,SUB AND CALLER EQ PUSH 0x05dc,5,3,1,0
0a03163314,EXP SUB AND CALLER EQ,5,4,2,0
60020a031633,PUSH 0x02 EXP SUB AND CALLER,5,3,2,0
54600160a060020a,SLOAD PUSH 0x01 PUSH 0xa0 PUSH 0x02 EXP,5,1,1,1
600254600160a06002,PUSH 0x02 SLOAD PUSH 0x01 PUSH 0xa0 PUSH 0x02,5,0,0,1
90205481,SWAP1 SHA3 SLOAD DUP2,4,3,1,1
9082,SWAP1 DUP3,2,3,0,0
8084209091,DUP1 DUP5 SHA3 SWAP1 SWAP2,5,4,1,0
604080842090,PUSH 0x40 DUP1 DUP5 SHA3 SWAP1,5,3,1,0
60009283,PUSH 0x00 SWAP3 DUP4,3,3,0,0
60055460ff1681,PUSH 0x05 SLOAD PUSH 0xff AND DUP2,5,1,0,1
604090205481,PUSH 0x40 SWAP1 SHA3 SLOAD DUP2,5,2,1,1
9081,SWAP1 DUP2,2,2,0,0
600060208190,PUSH 0x00 PUSH 0x20 DUP2 SWAP1,4,0,0,0
9350505050,SWAP4 POP POP POP POP,5,5,0,0
9493505050,SWAP5 SWAP4 POP POP POP,5,6,0,0
600194935050,PUSH 0x01 SWAP5 SWAP4 POP POP,5,5,0,0
506001949350,POP PUSH 0x01 SWAP5 SWAP4 POP,5,6,0,0
915050604051,SWAP2 POP POP PUSH 0x40 MLOAD,5,3,1,0
019150506040,ADD SWAP2 POP POP PUSH 0x40,5,4,0,0
602001915050,PUSH 0x20 ADD SWAP2 POP POP,5,3,0,0
604051808281,PUSH 0x40 MLOAD DUP1 DUP3 DUP2,5,1,1,0
856040518082,DUP6 PUSH 0x40 MLOAD DUP1 DUP3,5,6,1,0
7fddf252ad1be2c89b69c2b068fc378daa952ba7f163c4a11628f55a4df523b3ef8560405180,PUSH 0xddf252ad1be2c89b69c2b068fc378daa952ba7f163c4a11628f55a4df523b3ef DUP6 PUSH 0x40 MLOAD DUP1,5,5,1,0
167fddf252ad1be2c89b69c2b068fc378daa952ba7f163c4a11628f55a4df523b3ef85604051,AND PUSH 0xddf252ad1be2c89b69c2b068fc378daa952ba7f163c4a11628f55a4df523b3ef DUP6 PUSH 0x40 MLOAD,5,6,1,0
03167fddf252ad1be2c89b69c2b068fc378daa952ba7f163c4a11628f55a4df523b3ef856040,SUB AND PUSH 0xddf252ad1be2c89b69c2b068fc378daa952ba7f163c4a11628f55a4df523b3ef DUP6 PUSH 0x40,5,7,0,0
0a03167fddf252ad1be2c89b69c2b068fc378daa952ba7f163c4a11628f55a4df523b3ef85,EXP SUB AND PUSH 0xddf252ad1be2c89b69c2b068fc378daa952ba7f163c4a11628f55a4df523b3ef DUP6,5,8,1,0
60020a03167fddf252ad1be2c89b69c2b068fc378daa952ba7f163c4a11628f55a4df523b3ef,PUSH 0x02 EXP SUB AND PUSH 0xddf252ad1be2c89b69c2b068fc378daa952ba7f163c4a11628f55a4df523b3ef,5,3,1,0
8490039055,DUP5 SWAP1 SUB SWAP1 SSTORE,5,5,0,1
5484900390,SLOAD DUP5 SWAP1 SUB SWAP1,5,5,0,1
8054849003,DUP1 SLOAD DUP5 SWAP1 SUB,5,4,0,1
2080548490,SHA3 DUP1 SLOAD DUP5 SWAP1,5,5,1,1
9020805484,SWAP1 SHA3 DUP1 SLOAD DUP5,5,5,1,1
9091,SWAP1 SWAP2,2,3,0,0
851660009081,DUP6 AND PUSH 0x00 SWAP1 DUP2,5,6,0,0
038516600090,SUB DUP6 AND PUSH 0x00 SWAP1,5,7,0,0
0a0385166000,EXP SUB DUP6 AND PUSH 0x00,5,8,1,0
60020a038516,PUSH 0x02 EXP SUB DUP6 AND,5,7,1,0
60a060020a0385,PUSH 0xa0 PUSH 0x02 EXP SUB DUP6,5,6,1,0
19811015610537,NOT DUP2 LT ISZERO PUSH 0x0537,5,2,0,0
600019811015,PUSH 0x00 NOT DUP2 LT ISZERO,5,1,0,0
556000198110,SSTORE PUSH 0x00 NOT DUP2 LT,5,3,0,1
905560001981,SWAP1 SSTORE PUSH 0x00 NOT DUP2,5,3,0,1
019055600019,ADD SWAP1 SSTORE PUSH 0x00 NOT,5,3,0,1
840190556000,DUP5 ADD SWAP1 SSTORE PUSH 0x00,5,5,0,1
5484019055,SLOAD DUP5 ADD SWAP1 SSTORE,5,5,0,2
8054840190,DUP1 SLOAD DUP5 ADD SWAP1,5,4,0,1
2080548401,SHA3 DUP1 SLOAD DUP5 ADD,5,5,1,1
5591861681,SSTORE SWAP2 DUP7 AND DUP2,5,9,0,1
9055918616,SWAP1 SSTORE SWAP2 DUP7 AND,5,9,0,1
0390559186,SUB SWAP1 SSTORE SWAP2 DUP7,5,10,0,1
9003905591,SWAP1 SUB SWAP1 SSTORE SWAP2,5,6,0,1
8790039055,DUP8 SWAP1 SUB SWAP1 SSTORE,5,8,0,1
5487900390,SLOAD DUP8 SWAP1 SUB SWAP1,5,8,0,1
8054879003,DUP1 SLOAD DUP8 SWAP1 SUB,5,7,0,1
2080548790,SHA3 DUP1 SLOAD DUP8 SWAP1,5,8,1,1
8220805487,DUP3 SHA3 DUP1 SLOAD DUP8,5,7,1,1
8082208054,DUP1 DUP3 SHA3 DUP1 SLOAD,5,2,1,1
604080822080,PUSH 0x40 DUP1 DUP3 SHA3 DUP1,5,1,1,0
861660009081,DUP7 AND PUSH 0x00 SWAP1 DUP2,5,7,0,0
808616600090,DUP1 DUP7 AND PUSH 0x00 SWAP1,5,6,0,0
038086166000,SUB DUP1 DUP7 AND PUSH 0x00,5,7,0,0
0a03808616,EXP SUB DUP1 DUP7 AND,5,8,1,0
60020a038086,PUSH 0x02 EXP SUB DUP1 DUP7,5,7,1,0
60a060020a0380,PUSH 0xa0 PUSH 0x02 EXP SUB DUP1,5,1,1,0
828110156104d5,DUP3 DUP2 LT ISZERO PUSH 0x04d5,5,3,0,0
15156104c8,ISZERO ISZERO PUSH 0x04c8,3,1,0,0
8490031015,DUP5 SWAP1 SUB LT ISZERO,5,5,0,0
1984900310,NOT DUP5 SWAP1 SUB LT,5,5,0,0
600019849003,PUSH 0x00 NOT DUP5 SWAP1 SUB,5,4,0,0
546000198490,SLOAD PUSH 0x00 NOT DUP5 SWAP1,5,4,0,1
205460001984,SHA3 SLOAD PUSH 0x00 NOT DUP5,5,5,1,1
902054600019,SWAP1 SHA3 SLOAD PUSH 0x00 NOT,5,2,1,1
60409020546000,PUSH 0x40 SWAP1 SHA3 SLOAD PUSH 0x00,5,1,1,1
60208190,PUSH 0x20 DUP2 SWAP1,3,1,0,0
841660009081,DUP5 AND PUSH 0x00 SWAP1 DUP2,5,5,0,0
038416600090,SUB DUP5 AND PUSH 0x00 SWAP1,5,6,0,0
0a0384166000,EXP SUB DUP5 AND PUSH 0x00,5,7,1,0
60020a038416,PUSH 0x02 EXP SUB DUP5 AND,5,6,1,0
60a060020a0384,PUSH 0xa0 PUSH 0x02 EXP SUB DUP5,5,5,1,0
50600160a060020a,POP PUSH 0x01 PUSH 0xa0 PUSH 0x02 EXP,5,1,1,0
031614806104bd,SUB AND EQ DUP1 PUSH 0x04bd,5,4,0,0
0a03161480,EXP SUB AND EQ DUP1,5,5,1,0
60020a031614,PUSH 0x02 EXP SUB AND EQ,5,4,1,0
85600160a060020a,DUP6 PUSH 0x01 PUSH 0xa0 PUSH 0x02 EXP,5,6,1,0
1685600160a06002,AND DUP6 PUSH 0x01 PUSH 0xa0 PUSH 0x02,5,7,0,0
031685600160a0,SUB AND DUP6 PUSH 0x01 PUSH 0xa0,5,8,0,0
0a0316856001,EXP SUB AND DUP6 PUSH 0x01,5,9,1,0
60020a031685,PUSH 0x02 EXP SUB AND DUP6,5,8,1,0
60a060020a0316,PUSH 0xa0 PUSH 0x02 EXP SUB AND,5,2,1,0
83600160a060020a,DUP4 PUSH 0x01 PUSH 0xa0 PUSH 0x02 EXP,5,4,1,0
90831115610480,SWAP1 DUP4 GT ISZERO PUSH 0x0480,5,4,0,0
9190831115,SWAP2 SWAP1 DUP4 GT ISZERO,5,4,0,0
9091908311,SWAP1 SWAP2 SWAP1 DUP4 GT,5,4,0,0
5490919083,SLOAD SWAP1 SWAP2 SWAP1 DUP4,5,4,0,1
2054909190,SHA3 SLOAD SWAP1 SWAP2 SWAP1,5,4,1,1
8120549091,DUP2 SHA3 SLOAD SWAP1 SWAP2,5,3,1,1
908290,SWAP1 DUP3 SWAP1,3,3,0,0
8320549383,DUP4 SHA3 SLOAD SWAP4 DUP4,5,5,1,1
8083205493,DUP1 DUP4 SHA3 SLOAD SWAP4,5,4,1,1
82,DUP3,1,3,0,0
8083203384,DUP1 DUP4 SHA3 CALLER DUP5,5,3,2,0
604080832033,PUSH 0x40 DUP1 DUP4 SHA3 CALLER,5,2,2,0
831660008181,DUP4 AND PUSH 0x00 DUP2 DUP2,5,4,0,0
038316600081,SUB DUP4 AND PUSH 0x00 DUP2,5,5,0,0
0a0383166000,EXP SUB DUP4 AND PUSH 0x00,5,6,1,0
60020a038316,PUSH 0x02 EXP SUB DUP4 AND,5,5,1,0
60a060020a0383,PUSH 0xa0 PUSH 0x02 EXP SUB DUP4,5,4,1,0
60065481,PUSH 0x06 SLOAD DUP2,3,1,0,1
600192915050,PUSH 0x01 SWAP3 SWAP2 POP POP,5,3,0,0
506001929150,POP PUSH 0x01 SWAP3 SWAP2 POP,5,4,0,0
8290030190,DUP3 SWAP1 SUB ADD SWAP1,5,3,0,0
9282900301,SWAP3 DUP3 SWAP1 SUB ADD,5,4,0,0
7f8c5be1e5ebec7d5bd14f71427d1e84f3dd0314c0f7b2291e5b200ac8c7c3b92592829003,PUSH 0x8c5be1e5ebec7d5bd14f71427d1e84f3dd0314c0f7b2291e5b200ac8c7c3b925 SWAP3 DUP3 SWAP1 SUB,5,3,0,0
927f8c5be1e5ebec7d5bd14f71427d1e84f3dd0314c0f7b2291e5b200ac8c7c3b925928290,SWAP3 PUSH 0x8c5be1e5ebec7d5bd14f71427d1e84f3dd0314c0f7b2291e5b200ac8c7c3b925 SWAP3 DUP3 SWAP1,5,4,0,0
90927f8c5be1e5ebec7d5bd14f71427d1e84f3dd0314c0f7b2291e5b200ac8c7c3b9259282,SWAP1 SWAP3 PUSH 0x8c5be1e5ebec7d5bd14f71427d1e84f3dd0314c0f7b2291e5b200ac8c7c3b925 SWAP3 DUP3,5,4,0,0
9390927f8c5be1e5ebec7d5bd14f71427d1e84f3dd0314c0f7b2291e5b200ac8c7c3b92592,SWAP4 SWAP1 SWAP3 PUSH 0x8c5be1e5ebec7d5bd14f71427d1e84f3dd0314c0f7b2291e5b200ac8c7c3b925 SWAP3,5,5,0,0
909390927f8c5be1e5ebec7d5bd14f71427d1e84f3dd0314c0f7b2291e5b200ac8c7c3b925,SWAP1 SWAP4 SWAP1 SWAP3 PUSH 0x8c5be1e5ebec7d5bd14f71427d1e84f3dd0314c0f7b2291e5b200ac8c7c3b925,5,5,0,0
9490939092,SWAP5 SWAP1 SWAP4 SWAP1 SWAP3,5,6,0,0
9394909390,SWAP4 SWAP5 SWAP1 SWAP4 SWAP1,5,6,0,0
5193949093,MLOAD SWAP4 SWAP5 SWAP1 SWAP4,5,6,1,0
9151939490,SWAP2 MLOAD SWAP4 SWAP5 SWAP1,5,6,1,0
5581518681,SSTORE DUP2 MLOAD DUP7 DUP2,5,8,1,1
9055815186,SWAP1 SSTORE DUP2 MLOAD DUP7,5,8,1,1
8690558151,DUP7 SWAP1 SSTORE DUP2 MLOAD,5,7,1,1
2086905581,SHA3 DUP7 SWAP1 SSTORE DUP2,5,8,1,1
8420869055,DUP5 SHA3 DUP7 SWAP1 SSTORE,5,7,1,1
8184208690,DUP2 DUP5 SHA3 DUP7 SWAP1,5,6,1,0
9083,SWAP1 DUP4,2,4,0,0
0387168085,SUB DUP8 AND DUP1 DUP6,5,9,0,0
0a03871680,EXP SUB DUP8 AND DUP1,5,10,1,0
60020a038716,PUSH 0x02 EXP SUB DUP8 AND,5,9,1,0
60a060020a0387,PUSH 0xa0 PUSH 0x02 EXP SUB DUP8,5,8,1,0
20600160a060020a,SHA3 PUSH 0x01 PUSH 0xa0 PUSH 0x02 EXP,5,2,2,0
8320600160a06002,DUP4 SHA3 PUSH 0x01 PUSH 0xa0 PUSH 0x02,5,4,1,0
808320600160a0,DUP1 DUP4 SHA3 PUSH 0x01 PUSH 0xa0,5,3,1,0
60408083206001,PUSH 0x40 DUP1 DUP4 SHA3 PUSH 0x01,5,2,1,0
600160209081,PUSH 0x01 PUSH 0x20 SWAP1 DUP2,4,0,0,0
3360008181,CALLER PUSH 0x00 DUP2 DUP2,4,0,1,0
5050505081,POP POP POP POP DUP2,5,6,0,0
5050505050,POP POP POP POP POP,5,5,0,0
601f16820191,PUSH 0x1f AND DUP3 ADD SWAP2,5,3,0,0
03601f168201,SUB PUSH 0x1f AND DUP3 ADD,5,4,0,0
9003601f1682,SWAP1 SUB PUSH 0x1f AND DUP3,5,4,0,0
829003601f16,DUP3 SWAP1 SUB PUSH 0x1f AND,5,3,0,0
018083116103b2,ADD DUP1 DUP4 GT PUSH 0x03b2,5,4,0,0
602001808311,PUSH 0x20 ADD DUP1 DUP4 GT,5,3,0,0
906020018083,SWAP1 PUSH 0x20 ADD DUP1 DUP4,5,3,0,0
019060200180,ADD SWAP1 PUSH 0x20 ADD DUP1,5,3,0,0
60010190602001,PUSH 0x01 ADD SWAP1 PUSH 0x20 ADD,5,2,0,0
90600101906020,SWAP1 PUSH 0x01 ADD SWAP1 PUSH 0x20,5,2,0,0
815481,DUP2 SLOAD DUP2,3,2,0,1
602060002090,PUSH 0x20 PUSH 0x00 SHA3 SWAP1,4,1,1,0
820191906000,DUP3 ADD SWAP2 SWAP1 PUSH 0x00,5,3,0,0
91602001916103cf,SWAP2 PUSH 0x20 ADD SWAP2 PUSH 0x03cf,5,3,0,0
8354040283,DUP4 SLOAD DIV MUL DUP4,5,5,0,1
8083540402,DUP1 DUP4 SLOAD DIV MUL,5,3,0,1
61010080835404,PUSH 0x0100 DUP1 DUP4 SLOAD DIV,5,2,0,1
80601f106103a4,DUP1 PUSH 0x1f LT PUSH 0x03a4,4,1,0,0
828280156103cf,DUP3 DUP3 DUP1 ISZERO PUSH 0x03cf,5,3,0,0
0182828015,ADD DUP3 DUP3 DUP1 ISZERO,5,4,0,0
8301828280,DUP4 ADD DUP3 DUP3 DUP1,5,4,0,0
9183018282,SWAP2 DUP4 ADD DUP3 DUP3,5,4,0,0
9291830182,SWAP3 SWAP2 DUP4 ADD DUP3,5,4,0,0
8181,DUP2 DUP2,2,2,0,0
0184019092,ADD DUP5 ADD SWAP1 SWAP3,5,6,0,0
8201840190,DUP3 ADD DUP5 ADD SWAP1,5,5,0,0
0282018401,MUL DUP3 ADD DUP5 ADD,5,6,0,0
8402820184,DUP5 MUL DUP3 ADD DUP5,5,5,0,0
0484028201,DIV DUP5 MUL DUP3 ADD,5,6,0,0
9004840282,SWAP1 DIV DUP5 MUL DUP3,5,6,0,0
8490048402,DUP5 SWAP1 DIV DUP5 MUL,5,5,0,0
0184900484,ADD DUP5 SWAP1 DIV DUP5,5,6,0,0
8101849004,DUP2 ADD DUP5 SWAP1 DIV,5,5,0,0
601f81018490,PUSH 0x1f DUP2 ADD DUP5 SWAP1,5,4,0,0
04601f810184,DIV PUSH 0x1f DUP2 ADD DUP5,5,5,0,0
9304601f8101,SWAP4 DIV PUSH 0x1f DUP2 ADD,5,5,0,0
909304601f81,SWAP1 SWAP4 DIV PUSH 0x1f DUP2,5,5,0,0
93909304601f,SWAP4 SWAP1 SWAP4 DIV PUSH 0x1f,5,5,0,0
1693909304,AND SWAP4 SWAP1 SWAP4 DIV,5,6,0,0
9416939093,SWAP5 AND SWAP4 SWAP1 SWAP4,5,6,0,0
9094169390,SWAP1 SWAP5 AND SWAP4 SWAP1,5,6,0,0
0190941693,ADD SWAP1 SWAP5 AND SWAP4,5,7,0,0
1901909416,NOT ADD SWAP1 SWAP5 AND,5,7,0,0
600019019094,PUSH 0x00 NOT ADD SWAP1 SWAP5,5,6,0,0
026000190190,MUL PUSH 0x00 NOT ADD SWAP1,5,3,0,0
6101000260001901,PUSH 0x0100 MUL PUSH 0x00 NOT ADD,5,1,0,0
1561010002600019,ISZERO PUSH 0x0100 MUL PUSH 0x00 NOT,5,1,0,0
1615610100026000,AND ISZERO PUSH 0x0100 MUL PUSH 0x00,5,2,0,0
85161561010002,DUP6 AND ISZERO PUSH 0x0100 MUL,5,6,0,0
6001851615610100,PUSH 0x01 DUP6 AND ISZERO PUSH 0x0100,5,5,0,0
60026001851615,PUSH 0x02 PUSH 0x01 DUP6 AND ISZERO,5,4,0,0
6020600260018516,PUSH 0x20 PUSH 0x02 PUSH 0x01 DUP6 AND,5,3,0,0
5160206002600185,MLOAD PUSH 0x20 PUSH 0x02 PUSH 0x01 DUP6,5,3,1,0
8051602060026001,DUP1 MLOAD PUSH 0x20 PUSH 0x02 PUSH 0x01,5,1,1,0
6040805160206002,PUSH 0x40 DUP1 MLOAD PUSH 0x20 PUSH 0x02,5,0,1,0
54604080516020,SLOAD PUSH 0x40 DUP1 MLOAD PUSH 0x20,5,1,1,1
805460408051,DUP1 SLOAD PUSH 0x40 DUP1 MLOAD,5,1,1,1
60038054604080,PUSH 0x03 DUP1 SLOAD PUSH 0x40 DUP1,5,0,0,1
0390921682,SUB SWAP1 SWAP3 AND DUP3,5,5,0,0
0a03909216,EXP SUB SWAP1 SWAP3 AND,5,6,1,0
60020a039092,PUSH 0x02 EXP SUB SWAP1 SWAP3,5,5,1,0
60a060020a0390,PUSH 0xa0 PUSH 0x02 EXP SUB SWAP1,5,2,1,0
51600160a060020a,MLOAD PUSH 0x01 PUSH 0xa0 PUSH 0x02 EXP,5,1,2,0
8051600160a06002,DUP1 MLOAD PUSH 0x01 PUSH 0xa0 PUSH 0x02,5,1,1,0
60408051600160a0,PUSH 0x40 DUP1 MLOAD PUSH 0x01 PUSH 0xa0,5,0,1,0
,,0,0,0,0
60043515156105c5,PUSH 0x04 CALLDATALOAD ISZERO ISZERO PUSH 0x05c5,5,0,1,0
6102746004351515,PUSH 0x0274 PUSH 0x04 CALLDATALOAD ISZERO ISZERO,5,0,1,0
5061027460043515,POP PUSH 0x0274 PUSH 0x04 CALLDATALOAD ISZERO,5,1,1,0
60ff90921682,PUSH 0xff SWAP1 SWAP3 AND DUP3,5,3,0,0
5160ff909216,MLOAD PUSH 0xff SWAP1 SWAP3 AND,5,3,1,0
805160ff9092,DUP1 MLOAD PUSH 0xff SWAP1 SWAP3,5,2,1,0
6040805160ff90,PUSH 0x40 DUP1 MLOAD PUSH 0xff SWAP1,5,0,1,0
60243516604435,PUSH 0x24 CALLDATALOAD AND PUSH 0x44 CALLDATALOAD,5,1,2,0
90602435166044,SWAP1 PUSH 0x24 CALLDATALOAD AND PUSH 0x44,5,2,1,0
169060243516,AND SWAP1 PUSH 0x24 CALLDATALOAD AND,5,3,1,0
811690602435,DUP2 AND SWAP1 PUSH 0x24 CALLDATALOAD,5,2,1,0
358116906024,CALLDATALOAD DUP2 AND SWAP1 PUSH 0x24,5,2,1,0
600435811690,PUSH 0x04 CALLDATALOAD DUP2 AND SWAP1,5,1,1,0
036004358116,SUB PUSH 0x04 CALLDATALOAD DUP2 AND,5,2,1,0
0a0360043581,EXP SUB PUSH 0x04 CALLDATALOAD DUP2,5,3,2,0
604080519182,PUSH 0x40 DUP1 MLOAD SWAP2 DUP3,5,1,1,0
900360200190,SWAP1 SUB PUSH 0x20 ADD SWAP1,5,3,0,0
819003602001,DUP2 SWAP1 SUB PUSH 0x20 ADD,5,2,0,0
908190036020,SWAP1 DUP2 SWAP1 SUB PUSH 0x20,5,2,0,0
5190819003,MLOAD SWAP1 DUP2 SWAP1 SUB,5,2,1,0
5191151582,MLOAD SWAP2 ISZERO ISZERO DUP3,5,3,1,0
8051911515,DUP1 MLOAD SWAP2 ISZERO ISZERO,5,2,1,0
604080519115,PUSH 0x40 DUP1 MLOAD SWAP2 ISZERO,5,1,1,0
35166024356103d7,CALLDATALOAD AND PUSH 0x24 CALLDATALOAD PUSH 0x03d7,5,2,2,0
60043516602435,PUSH 0x04 CALLDATALOAD AND PUSH 0x24 CALLDATALOAD,5,1,2,0
03600435166024,SUB PUSH 0x04 CALLDATALOAD AND PUSH 0x24,5,2,1,0
0a0360043516,EXP SUB PUSH 0x04 CALLDATALOAD AND,5,3,2,0
60020a03600435,PUSH 0x02 EXP SUB PUSH 0x04 CALLDATALOAD,5,2,2,0
60a060020a036004,PUSH 0xa0 PUSH 0x02 EXP SUB PUSH 0x04,5,1,1,0
600160a060020a03,PUSH 0x01 PUSH 0xa0 PUSH 0x02 EXP SUB,5,0,1,0
610182600160a060020a,PUSH 0x0182 PUSH 0x01 PUSH 0xa0 PUSH 0x02 EXP,5,0,1,0
50610182600160a06002,POP PUSH 0x0182 PUSH 0x01 PUSH 0xa0 PUSH 0x02,5,1,0,0
5180910390,MLOAD DUP1 SWAP2 SUB SWAP1,5,2,1,0
604051809103,PUSH 0x40 MLOAD DUP1 SWAP2 SUB,5,1,1,0
506040518091,POP PUSH 0x40 MLOAD DUP1 SWAP2,5,2,1,0
505060405180,POP POP PUSH 0x40 MLOAD DUP1,5,2,1,0
505050604051,POP POP POP PUSH 0x40 MLOAD,5,3,1,0
925050506040,SWAP3 POP POP POP PUSH 0x40,5,4,0,0
5092505050,POP SWAP3 POP POP POP,5,5,0,0
6020019150,PUSH 0x20 ADD SWAP2 POP,4,3,0,0
0a03191681,EXP SUB NOT AND DUP2,5,5,1,0
6101000a031916,PUSH 0x0100 EXP SUB NOT AND,5,3,1,0
036101000a0319,SUB PUSH 0x0100 EXP SUB NOT,5,3,1,0
6020036101000a03,PUSH 0x20 SUB PUSH 0x0100 EXP SUB,5,2,1,0
836020036101000a,DUP4 PUSH 0x20 SUB PUSH 0x0100 EXP,5,4,1,0
600183602003610100,PUSH 0x01 DUP4 PUSH 0x20 SUB PUSH 0x0100,5,3,0,0
51600183602003,MLOAD PUSH 0x01 DUP4 PUSH 0x20 SUB,5,3,1,0
80516001836020,DUP1 MLOAD PUSH 0x01 DUP4 PUSH 0x20,5,2,1,0
038051600183,SUB DUP1 MLOAD PUSH 0x01 DUP4,5,3,1,0
820380516001,DUP3 SUB DUP1 MLOAD PUSH 0x01,5,3,1,0
8082038051,DUP1 DUP3 SUB DUP1 MLOAD,5,2,1,0
601f168015610150,PUSH 0x1f AND DUP1 ISZERO PUSH 0x0150,5,1,0,0
90601f168015,SWAP1 PUSH 0x1f AND DUP1 ISZERO,5,2,0,0
0190601f1680,ADD SWAP1 PUSH 0x1f AND DUP1,5,3,0,0
810190601f16,DUP2 ADD SWAP1 PUSH 0x1f AND,5,2,0,0
90810190601f,SWAP1 DUP2 ADD SWAP1 PUSH 0x1f,5,2,0,0
5090810190,POP SWAP1 DUP2 ADD SWAP1,5,3,0,0
9050908101,SWAP1 POP SWAP1 DUP2 ADD,5,3,0,0
5090509081,POP SWAP1 POP SWAP1 DUP2,5,4,0,0
5050905090,POP POP SWAP1 POP SWAP1,5,5,0,0
5050509050,POP POP POP SWAP1 POP,5,5,0,0
5050505090,POP POP POP POP SWAP1,5,6,0,0
60200161010b,PUSH 0x20 ADD PUSH 0x010b,3,1,0,0
0151838201,ADD MLOAD DUP4 DUP3 ADD,5,5,1,0
8101518382,DUP2 ADD MLOAD DUP4 DUP3,5,4,1,0
8181015183,DUP2 DUP2 ADD MLOAD DUP4,5,3,1,0
83811015610123,DUP4 DUP2 LT ISZERO PUSH 0x0123,5,4,0,0
908083836000,SWAP1 DUP1 DUP4 DUP4 PUSH 0x00,5,3,0,0
0190808383,ADD SWAP1 DUP1 DUP4 DUP4,5,4,0,0
8501908083,DUP6 ADD SWAP1 DUP1 DUP4,5,6,0,0
9185019080,SWAP2 DUP6 ADD SWAP1 DUP1,5,6,0,0
0191850190,ADD SWAP2 DUP6 ADD SWAP1,5,7,0,0
8301918501,DUP4 ADD SWAP2 DUP6 ADD,5,6,0,0
9083019185,SWAP1 DUP4 ADD SWAP2 DUP6,5,6,0,0
9290830191,SWAP3 SWAP1 DUP4 ADD SWAP2,5,4,0,0
8392908301,DUP4 SWAP3 SWAP1 DUP4 ADD,5,4,0,0
9283929083,SWAP3 DUP4 SWAP3 SWAP1 DUP4,5,4,0,0
9192839290,SWAP2 SWAP3 DUP4 SWAP3 SWAP1,5,4,0,0
5191928392,MLOAD SWAP2 SWAP3 DUP4 SWAP3,5,4,1,0
8351919283,DUP4 MLOAD SWAP2 SWAP3 DUP4,5,4,1,0
8351818301,DUP4 MLOAD DUP2 DUP4 ADD,5,4,1,0
805160208082,DUP1 MLOAD PUSH 0x20 DUP1 DUP3,5,1,1,0
60408051602080,PUSH 0x40 DUP1 MLOAD PUSH 0x20 DUP1,5,0,1,0
5060e9610349,POP PUSH 0x00e9 PUSH 0x0349,3,1,0,0
34801560e0,CALLVALUE DUP1 ISZERO PUSH 0x00e0,4,0,1,0
600080,PUSH 0x00 DUP1,2,0,0,0
8063095ea7b31461015e,DUP1 PUSH 0x095ea7b3 EQ PUSH 0x015e,4,1,0,0
166306fdde03811460d4,AND PUSH 0x06fdde03 DUP2 EQ PUSH 0x00d4,5,2,0,0
04166306fdde038114,DIV AND PUSH 0x06fdde03 DUP2 EQ,5,3,0,0
3504166306fdde0381,CALLDATALOAD DIV AND PUSH 0x06fdde03 DUP2,5,3,1,0
60003504166306fdde03,PUSH 0x00 CALLDATALOAD DIV AND PUSH 0x06fdde03,5,2,1,0
7c01000000000000000000000000000000000000000000000000000000006000350416,PUSH 0x0100000000000000000000000000000000000000000000000000000000 PUSH 0x00 CALLDATALOAD DIV AND,5,1,1,0
63ffffffff7c010000000000000000000000000000000000000000000000000000000060003504,PUSH 0xffffffff PUSH 0x0100000000000000000000000000000000000000000000000000000000 PUSH 0x00 CALLDATALOAD DIV,5,0,1,0
6004361060cf,PUSH 0x04 CALLDATASIZE LT PUSH 0x00cf,4,0,1,0
60806040,PUSH 0x80 PUSH 0x40,2,0,0,0
